kingdom_number,total_kvks,prep_wins,prep_losses,prep_win_rate,prep_win_streak,battle_wins,battle_losses,battle_win_rate,battle_win_streak,dominations,defeats,most_recent_status,overall_score
1,9,7,2,0.778,6,3,6,0.333,3,3,2,Unannounced,5.44
2,9,2,7,0.222,5,4,5,0.444,2,1,4,Unannounced,2.73
3,9,7,2,0.778,6,9,0,1.0,9,7,0,Unannounced,11.07
4,9,6,3,0.667,4,3,6,0.333,2,3,3,Unannounced,3.44
5,9,3,6,0.333,5,3,6,0.333,3,2,5,Unannounced,2.04
6,9,4,5,0.444,2,4,5,0.444,3,2,3,Unannounced,2.46
7,9,3,6,0.333,2,4,5,0.444,3,2,4,Unannounced,2.86
8,9,2,7,0.222,3,4,5,0.444,2,2,5,Unannounced,1.38
9,8,2,6,0.25,4,4,4,0.5,3,1,3,Unannounced,4.65
10,9,1,8,0.111,6,5,4,0.556,3,1,4,Unannounced,1.51
11,9,4,5,0.444,3,4,5,0.444,3,3,4,Unannounced,4.5
12,9,9,0,1.0,9,6,3,0.667,4,6,0,Unannounced,9.4
13,9,4,5,0.444,3,5,4,0.556,2,3,3,Unannounced,5.14
14,8,3,5,0.375,3,5,3,0.625,2,3,3,Unannounced,4.52
15,8,2,6,0.25,4,4,4,0.5,2,1,3,Unannounced,3.76
16,8,3,5,0.375,3,3,5,0.375,3,2,4,Unannounced,1.71
17,8,3,5,0.375,4,5,3,0.625,2,2,2,Unannounced,4.89
18,8,0,8,0.0,8,5,3,0.625,2,0,3,Unannounced,3.45
19,8,5,3,0.625,3,4,4,0.5,4,3,2,Unannounced,5.09
20,8,5,3,0.625,3,3,5,0.375,2,2,2,Unannounced,3.59
21,7,4,3,0.571,2,3,4,0.429,3,2,2,Unannounced,4.16
22,8,4,4,0.5,2,5,3,0.625,2,3,2,Unannounced,6.38
23,8,4,4,0.5,3,3,5,0.375,3,1,2,Unannounced,2.79
24,8,5,3,0.625,3,5,3,0.625,3,3,1,Unannounced,5.35
25,8,2,6,0.25,4,3,5,0.375,2,0,3,Unannounced,1.4
26,4,1,3,0.25,2,1,3,0.25,2,1,3,Unannounced,0.15
27,8,3,5,0.375,4,2,6,0.25,3,1,4,Unannounced,1.34
28,8,2,6,0.25,3,4,4,0.5,2,1,3,Unannounced,2.87
29,8,5,3,0.625,5,2,6,0.25,4,1,2,Unannounced,3.56
30,8,5,3,0.625,3,5,3,0.625,4,3,1,Unannounced,6.57
31,7,2,5,0.286,2,2,5,0.286,2,2,5,Unannounced,1.14
32,8,5,3,0.625,3,4,4,0.5,2,3,2,Unannounced,4.43
33,8,6,2,0.75,6,4,4,0.5,2,4,2,Unannounced,7.03
34,8,4,4,0.5,2,4,4,0.5,2,3,3,Unannounced,4.98
35,8,1,7,0.125,7,3,5,0.375,3,1,5,Unannounced,-0.4
36,8,4,4,0.5,2,6,2,0.75,3,4,2,Unannounced,7.65
37,8,4,4,0.5,2,4,4,0.5,2,1,1,Unannounced,4.51
38,8,1,7,0.125,4,4,4,0.5,2,0,3,Unannounced,2.5
39,8,8,0,1.0,8,4,4,0.5,3,4,0,Unannounced,7.39
40,8,4,4,0.5,2,4,4,0.5,2,2,2,Unannounced,4.57
41,8,2,6,0.25,3,3,5,0.375,2,1,4,Unannounced,1.31
42,8,6,2,0.75,2,4,4,0.5,3,3,1,Unannounced,4.88
43,8,5,3,0.625,3,5,3,0.625,4,3,1,Unannounced,6.8
44,8,3,5,0.375,3,5,3,0.625,3,3,3,Unannounced,2.75
45,8,5,3,0.625,4,7,1,0.875,5,4,0,Unannounced,8.58
46,8,3,5,0.375,3,6,2,0.75,5,3,2,Unannounced,6.9
47,8,4,4,0.5,4,4,4,0.5,2,3,3,Unannounced,5.98
48,8,3,5,0.375,5,3,5,0.375,2,1,3,Unannounced,3.82
49,8,3,5,0.375,4,4,4,0.5,3,3,4,Unannounced,2.54
50,8,1,7,0.125,5,3,5,0.375,2,1,5,Unannounced,0.27
51,8,1,7,0.125,7,3,5,0.375,3,1,5,Unannounced,0.6
52,8,2,6,0.25,4,3,5,0.375,3,2,5,Unannounced,1.06
53,8,4,4,0.5,4,4,4,0.5,3,2,2,Unannounced,5.68
54,8,6,2,0.75,5,4,4,0.5,3,3,1,Unannounced,6.21
55,8,5,3,0.625,2,3,5,0.375,2,3,3,Unannounced,3.78
56,8,4,4,0.5,4,4,4,0.5,2,2,2,Unannounced,5.24
57,8,4,4,0.5,4,5,3,0.625,2,3,2,Unannounced,5.38
58,8,4,4,0.5,3,4,4,0.5,4,2,2,Unannounced,2.91
59,8,4,4,0.5,3,4,4,0.5,4,2,2,Unannounced,4.57
60,8,6,2,0.75,4,4,4,0.5,3,3,1,Unannounced,6.66
61,8,8,0,1.0,8,6,2,0.75,6,6,0,Unannounced,9.95
62,8,6,2,0.75,3,4,4,0.5,3,3,1,Unannounced,6.21
63,7,4,3,0.571,2,3,4,0.429,2,3,3,Unannounced,4.69
64,8,4,4,0.5,3,5,3,0.625,2,3,2,Unannounced,6.38
65,8,1,7,0.125,6,3,5,0.375,2,1,5,Unannounced,1.27
66,8,6,2,0.75,6,6,2,0.75,5,5,1,Unannounced,6.59
67,8,4,4,0.5,2,5,3,0.625,2,4,3,Unannounced,5.05
68,8,5,3,0.625,3,4,4,0.5,2,4,3,Unannounced,6.54
69,8,3,5,0.375,5,6,2,0.75,3,3,2,Unannounced,7.57
70,8,1,7,0.125,7,2,6,0.25,3,0,5,Unannounced,-0.01
71,8,1,7,0.125,4,3,5,0.375,3,1,5,Unannounced,0.6
72,8,2,6,0.25,6,2,6,0.25,5,1,5,Unannounced,1.59
73,7,3,4,0.429,3,4,3,0.571,3,3,3,Unannounced,6.33
74,8,3,5,0.375,3,3,5,0.375,3,3,5,Unannounced,0.4
75,8,4,4,0.5,2,7,1,0.875,4,4,1,Unannounced,9.11
76,8,4,4,0.5,2,3,5,0.375,3,2,3,Unannounced,1.81
77,8,4,4,0.5,3,5,3,0.625,2,2,1,Unannounced,6.27
78,8,6,2,0.75,6,2,6,0.25,4,2,2,Unannounced,4.52
79,8,3,5,0.375,3,4,4,0.5,2,2,3,Unannounced,5.05
80,8,5,3,0.625,2,5,3,0.625,2,2,0,Unannounced,6.63
81,8,4,4,0.5,3,3,5,0.375,3,2,3,Unannounced,1.48
82,8,6,2,0.75,3,5,3,0.625,2,5,2,Unannounced,6.58
83,8,4,4,0.5,2,2,6,0.25,3,1,3,Unannounced,2.11
84,8,5,3,0.625,3,4,4,0.5,3,3,2,Unannounced,6.43
85,8,5,3,0.625,3,6,2,0.75,3,5,2,Unannounced,7.47
86,8,7,1,0.875,5,7,1,0.875,5,7,1,Unannounced,10.49
87,8,4,4,0.5,2,4,4,0.5,2,3,3,Unannounced,4.43
88,8,6,2,0.75,5,6,2,0.75,3,4,0,Unannounced,8.9
89,8,5,3,0.625,3,3,5,0.375,3,2,2,Unannounced,4.7
90,7,6,1,0.857,6,5,2,0.714,5,5,1,Unannounced,7.44
91,7,0,7,0.0,7,3,4,0.429,3,0,4,Unannounced,1.73
92,7,5,2,0.714,4,5,2,0.714,4,5,2,Unannounced,6.89
93,7,4,3,0.571,2,3,4,0.429,3,2,2,Unannounced,5.16
94,7,3,4,0.429,4,2,5,0.286,2,1,3,Unannounced,0.65
95,7,1,6,0.143,6,3,4,0.429,3,1,4,Unannounced,-0.08
96,7,3,4,0.429,2,2,5,0.286,3,1,3,Unannounced,1.09
97,7,5,2,0.714,4,4,3,0.571,2,4,2,Unannounced,7.48
98,7,4,3,0.571,3,5,2,0.714,3,3,1,Unannounced,7.78
99,7,5,2,0.714,4,3,4,0.429,3,3,2,Unannounced,6.45
100,7,1,6,0.143,5,3,4,0.429,2,1,4,Unannounced,1.59
101,7,4,3,0.571,4,5,2,0.714,4,3,1,Unannounced,5.22
102,7,0,7,0.0,7,2,5,0.286,3,0,5,Unannounced,-0.12
103,7,3,4,0.429,2,3,4,0.429,2,1,2,Unannounced,3.65
104,7,0,7,0.0,7,1,6,0.143,5,0,6,Unannounced,-0.87
105,7,6,1,0.857,3,4,3,0.571,2,4,1,Unannounced,7.58
106,7,2,5,0.286,4,2,5,0.286,5,1,4,Unannounced,0.85
107,7,3,4,0.429,2,2,5,0.286,4,1,3,Unannounced,2.31
108,7,6,1,0.857,5,3,4,0.429,2,3,1,Unannounced,6.11
109,7,4,3,0.571,4,4,3,0.571,3,3,2,Unannounced,2.92
110,7,0,7,0.0,7,2,5,0.286,2,0,5,Unannounced,-0.45
111,7,5,2,0.714,3,3,4,0.429,3,2,1,Unannounced,5.43
112,7,1,6,0.143,5,4,3,0.571,2,1,3,Unannounced,1.85
113,7,5,2,0.714,2,3,4,0.429,2,3,2,Unannounced,4.89
114,7,3,4,0.429,3,2,5,0.286,5,1,3,Unannounced,3.2
115,7,5,2,0.714,3,3,4,0.429,2,3,2,Unannounced,4.89
116,7,4,3,0.571,2,6,1,0.857,5,3,0,Unannounced,8.59
117,7,1,6,0.143,5,3,4,0.429,4,1,4,Unannounced,1.25
118,7,6,1,0.857,4,3,4,0.429,2,2,0,Unannounced,5.69
119,7,4,3,0.571,3,3,4,0.429,2,3,3,Unannounced,2.47
120,7,1,6,0.143,5,1,6,0.143,4,0,5,Unannounced,0.17
121,7,1,6,0.143,4,3,4,0.429,3,1,4,Unannounced,2.37
122,7,1,6,0.143,5,2,5,0.286,3,1,5,Unannounced,0.07
123,7,7,0,1.0,7,5,2,0.714,3,5,0,Unannounced,10.25
124,7,5,2,0.714,3,3,4,0.429,2,2,1,Unannounced,5.21
125,7,6,1,0.857,4,4,3,0.571,2,4,1,Unannounced,7.36
126,7,2,5,0.286,4,3,4,0.429,3,1,3,Unannounced,1.66
127,7,3,4,0.429,3,3,4,0.429,2,2,3,Unannounced,1.79
128,7,3,4,0.429,2,5,2,0.714,4,1,0,Unannounced,5.52
129,7,4,3,0.571,3,4,3,0.571,3,3,2,Unannounced,3.92
130,7,4,3,0.571,3,5,2,0.714,4,3,1,Unannounced,7.56
131,7,4,3,0.571,3,3,4,0.429,2,2,2,Unannounced,4.72
132,7,5,2,0.714,4,3,4,0.429,3,2,1,Unannounced,3.76
133,7,3,4,0.429,3,1,6,0.143,4,0,3,Unannounced,1.41
134,7,5,2,0.714,5,2,5,0.286,3,2,2,Unannounced,4.69
135,7,3,4,0.429,3,4,3,0.571,2,1,1,Unannounced,3.62
136,7,3,4,0.429,2,2,5,0.286,3,1,3,Unannounced,0.65
137,7,3,4,0.429,4,3,4,0.429,3,2,3,Unannounced,1.79
138,7,6,1,0.857,6,4,3,0.571,3,4,1,Unannounced,5.81
139,7,4,3,0.571,1,3,4,0.429,3,2,2,Unannounced,4.61
140,7,5,2,0.714,5,5,2,0.714,3,3,0,Unannounced,7.76
141,7,2,5,0.286,5,2,5,0.286,2,0,3,Unannounced,1.62
142,7,2,5,0.286,5,4,3,0.571,2,2,3,Unannounced,2.25
143,7,5,2,0.714,3,4,3,0.571,4,3,1,Unannounced,6.86
144,7,5,2,0.714,3,4,3,0.571,2,3,1,Unannounced,5.97
145,7,4,3,0.571,2,4,3,0.571,2,3,2,Unannounced,5.59
146,7,6,1,0.857,5,4,3,0.571,3,4,1,Unannounced,8.47
147,7,3,4,0.429,2,3,4,0.429,3,2,3,Unannounced,2.46
148,7,3,4,0.429,3,4,3,0.571,2,2,2,Unannounced,3.35
149,7,4,3,0.571,2,3,4,0.429,2,2,2,Unannounced,5.16
150,7,6,1,0.857,6,4,3,0.571,3,3,0,Unannounced,6.23
151,7,2,5,0.286,4,4,3,0.571,3,1,2,Unannounced,4.89
152,7,3,4,0.429,2,5,2,0.714,3,2,1,Unannounced,5.1
153,7,3,4,0.429,4,4,3,0.571,2,1,1,Unannounced,3.62
154,7,5,2,0.714,4,3,4,0.429,3,3,2,Unannounced,6.45
155,7,5,2,0.714,4,2,5,0.286,3,2,2,Unannounced,4.69
156,7,6,1,0.857,5,5,2,0.714,3,5,1,Unannounced,8.0
157,7,2,5,0.286,3,3,4,0.429,2,0,2,Unannounced,2.07
158,7,3,4,0.429,3,3,4,0.429,4,2,3,Unannounced,2.12
159,7,4,3,0.571,2,5,2,0.714,4,3,1,Unannounced,6.89
160,7,3,4,0.429,2,3,4,0.429,3,1,2,Unannounced,2.76
161,7,3,4,0.429,3,4,3,0.571,3,2,2,Unannounced,6.02
162,7,3,4,0.429,2,7,0,1.0,7,3,0,Unannounced,9.5
163,7,6,1,0.857,3,6,1,0.857,3,6,1,Unannounced,11.05
164,7,1,6,0.143,5,3,4,0.429,3,0,3,Unannounced,0.7
165,7,5,2,0.714,3,5,2,0.714,5,4,1,Unannounced,6.0
166,7,6,1,0.857,4,4,3,0.571,2,3,0,Unannounced,7.12
167,7,4,3,0.571,3,2,5,0.286,2,1,2,Unannounced,3.46
168,7,5,2,0.714,4,3,4,0.429,2,3,2,Unannounced,4.11
169,7,5,2,0.714,3,5,2,0.714,3,5,2,Unannounced,6.89
170,7,2,5,0.286,4,3,4,0.429,2,2,4,Unannounced,1.32
171,7,5,2,0.714,4,4,3,0.571,2,4,2,Unannounced,7.48
172,7,6,1,0.857,4,6,1,0.857,3,5,0,Unannounced,10.26
173,7,3,4,0.429,2,3,4,0.429,3,1,2,Unannounced,2.43
174,7,4,3,0.571,3,3,4,0.429,2,2,2,Unannounced,2.94
175,7,3,4,0.429,3,5,2,0.714,5,2,1,Unannounced,6.32
176,7,1,6,0.143,4,4,3,0.571,2,1,3,Unannounced,3.29
177,7,0,7,0.0,7,3,4,0.429,2,0,4,Unannounced,1.39
178,7,2,5,0.286,4,2,5,0.286,4,2,5,Unannounced,-0.52
179,7,4,3,0.571,3,3,4,0.429,2,3,3,Unannounced,3.58
180,7,5,2,0.714,3,3,4,0.429,2,3,2,Unannounced,4.0
181,7,5,2,0.714,3,2,5,0.286,3,2,2,Unannounced,4.24
182,7,2,5,0.286,2,2,5,0.286,2,2,5,Unannounced,0.59
183,7,5,2,0.714,3,2,5,0.286,4,2,2,Unannounced,3.36
184,7,3,4,0.429,3,4,3,0.571,3,2,2,Unannounced,4.46
185,7,2,5,0.286,5,6,1,0.857,4,2,1,Unannounced,7.25
186,7,5,2,0.714,3,3,4,0.429,3,2,1,Unannounced,4.99
187,7,5,2,0.714,5,3,4,0.429,4,3,2,Unannounced,6.89
188,7,3,4,0.429,3,4,3,0.571,3,2,2,Unannounced,4.02
189,7,1,6,0.143,5,3,4,0.429,3,1,4,Unannounced,2.25
190,7,2,5,0.286,4,3,4,0.429,2,1,3,Unannounced,1.0
191,7,3,4,0.429,3,3,4,0.429,2,1,2,Unannounced,1.43
192,7,1,6,0.143,6,1,6,0.143,4,0,5,Unannounced,-0.83
193,7,4,3,0.571,3,2,5,0.286,3,1,2,Unannounced,4.13
194,7,4,3,0.571,2,5,2,0.714,2,3,1,Unannounced,7.11
195,7,1,6,0.143,4,3,4,0.429,2,0,3,Unannounced,0.7
196,7,6,1,0.857,3,3,4,0.429,3,3,1,Unannounced,6.33
197,7,0,7,0.0,7,4,3,0.571,2,0,3,Unannounced,1.32
198,7,1,6,0.143,5,2,5,0.286,3,1,5,Unannounced,0.74
199,7,6,1,0.857,6,4,3,0.571,2,4,1,Unannounced,7.81
200,7,7,0,1.0,7,4,3,0.571,2,4,0,Unannounced,7.95
201,7,3,4,0.429,2,4,3,0.571,3,2,2,Unannounced,3.35
202,7,6,1,0.857,5,4,3,0.571,3,3,0,Unannounced,6.67
203,7,7,0,1.0,7,5,2,0.714,2,5,0,Unannounced,9.81
204,7,1,6,0.143,6,3,4,0.429,3,1,4,Unannounced,3.14
205,7,2,5,0.286,4,4,3,0.571,3,1,2,Unannounced,4.11
206,6,1,5,0.167,5,1,5,0.167,4,0,4,Unannounced,-0.31
207,6,2,4,0.333,4,2,4,0.333,3,1,3,Unannounced,2.73
208,6,4,2,0.667,2,4,2,0.667,2,4,2,Unannounced,7.17
209,6,1,5,0.167,4,1,5,0.167,4,1,5,Unannounced,-1.5
210,6,5,1,0.833,5,5,1,0.833,3,4,0,Unannounced,8.68
211,6,4,2,0.667,3,2,4,0.333,3,2,2,Unannounced,3.76
212,6,0,6,0.0,6,2,4,0.333,3,0,4,Unannounced,-0.87
213,6,3,3,0.5,2,4,2,0.667,3,2,1,Unannounced,6.7
214,6,4,2,0.667,3,3,3,0.5,2,2,1,Unannounced,4.75
215,6,1,5,0.167,3,3,3,0.5,2,0,2,Unannounced,2.1
216,6,2,4,0.333,2,1,5,0.167,5,1,4,Unannounced,-0.29
217,6,4,2,0.667,3,2,4,0.333,2,2,2,Unannounced,3.87
218,6,3,3,0.5,3,2,4,0.333,2,1,2,Unannounced,1.03
219,6,4,2,0.667,3,5,1,0.833,5,3,0,Unannounced,7.63
220,6,3,3,0.5,2,2,4,0.333,3,2,3,Unannounced,1.73
221,6,4,2,0.667,2,3,3,0.5,2,2,1,Unannounced,5.75
222,6,4,2,0.667,3,4,2,0.667,3,3,1,Unannounced,7.39
223,6,4,2,0.667,3,3,3,0.5,2,2,1,Unannounced,5.75
224,6,0,6,0.0,6,4,2,0.667,3,0,2,Unannounced,4.19
225,6,4,2,0.667,3,4,2,0.667,2,2,0,Unannounced,6.49
226,6,2,4,0.333,3,3,3,0.5,2,2,3,Unannounced,1.48
227,6,2,4,0.333,3,2,4,0.333,3,2,4,Unannounced,-0.17
228,6,4,2,0.667,3,3,3,0.5,2,2,1,Unannounced,4.31
229,6,1,5,0.167,5,2,4,0.333,2,1,4,Unannounced,0.02
230,6,4,2,0.667,4,3,3,0.5,3,3,2,Unannounced,7.02
231,6,6,0,1.0,6,6,0,1.0,6,6,0,Unannounced,12.96
232,6,5,1,0.833,3,3,3,0.5,2,3,1,Unannounced,5.85
233,6,1,5,0.167,5,3,3,0.5,2,0,2,Unannounced,2.43
234,6,6,0,1.0,6,5,1,0.833,4,5,0,Unannounced,11.04
235,6,5,1,0.833,4,3,3,0.5,2,3,1,Unannounced,6.52
236,6,2,4,0.333,2,3,3,0.5,3,1,2,Unannounced,2.89
237,6,1,5,0.167,3,3,3,0.5,3,0,2,Unannounced,2.76
238,6,3,3,0.5,3,2,4,0.333,2,1,2,Unannounced,3.36
239,6,3,3,0.5,2,5,1,0.833,4,3,1,Unannounced,8.29
240,6,5,1,0.833,5,4,2,0.667,4,4,1,Unannounced,8.0
241,6,4,2,0.667,2,0,6,0.0,6,0,2,Unannounced,2.14
242,6,5,1,0.833,3,4,2,0.667,3,3,0,Unannounced,7.25
243,6,4,2,0.667,3,4,2,0.667,3,3,1,Unannounced,5.95
244,6,2,4,0.333,4,3,3,0.5,2,2,3,Unannounced,3.03
245,6,4,2,0.667,2,4,2,0.667,2,4,2,Unannounced,7.17
246,6,5,1,0.833,5,4,2,0.667,2,4,1,Unannounced,8.44
247,6,3,3,0.5,2,3,3,0.5,2,2,2,Unannounced,4.33
248,6,2,4,0.333,3,3,3,0.5,2,1,2,Unannounced,4.45
249,6,3,3,0.5,2,3,3,0.5,2,2,2,Unannounced,3.55
250,6,3,3,0.5,2,3,3,0.5,2,1,1,Unannounced,2.92
251,6,1,5,0.167,5,2,4,0.333,2,0,3,Unannounced,1.83
252,6,2,4,0.333,2,4,2,0.667,2,2,2,Unannounced,4.34
253,6,3,3,0.5,2,3,3,0.5,2,1,1,Unannounced,3.58
254,6,1,5,0.167,3,3,3,0.5,3,0,2,Unannounced,2.43
255,6,2,4,0.333,4,5,1,0.833,4,2,1,Unannounced,5.11
256,6,3,3,0.5,2,2,4,0.333,2,2,3,Unannounced,1.51
257,6,3,3,0.5,2,4,2,0.667,2,1,0,Unannounced,5.87
258,6,0,6,0.0,6,1,5,0.167,3,0,5,Unannounced,-1.06
259,6,5,1,0.833,5,4,2,0.667,3,3,0,Unannounced,7.25
260,6,2,4,0.333,4,4,2,0.667,2,2,2,Unannounced,3.9
261,6,6,0,1.0,6,4,2,0.667,3,4,0,Unannounced,9.54
262,6,1,5,0.167,3,2,4,0.333,3,1,4,Unannounced,1.8
263,6,2,4,0.333,3,2,4,0.333,2,1,3,Unannounced,0.51
264,6,1,5,0.167,3,3,3,0.5,2,1,3,Unannounced,2.78
265,6,5,1,0.833,4,4,2,0.667,3,4,1,Unannounced,8.0
266,6,4,2,0.667,2,2,4,0.333,2,2,2,Unannounced,4.2
267,6,4,2,0.667,3,5,1,0.833,3,3,0,Unannounced,7.85
268,6,3,3,0.5,2,4,2,0.667,2,2,1,Unannounced,5.26
269,6,4,2,0.667,2,2,4,0.333,2,0,0,Unannounced,3.86
270,6,5,1,0.833,3,2,4,0.333,2,2,1,Unannounced,5.03
271,6,6,0,1.0,6,4,2,0.667,4,4,0,Unannounced,9.54
272,6,3,3,0.5,2,3,3,0.5,2,3,3,Unannounced,2.54
273,6,6,0,1.0,6,4,2,0.667,4,4,0,Unannounced,7.98
274,6,4,2,0.667,3,3,3,0.5,2,2,1,Unannounced,5.98
275,6,5,1,0.833,5,4,2,0.667,4,4,1,Unannounced,8.89
276,6,6,0,1.0,6,4,2,0.667,2,4,0,Unannounced,8.65
277,6,5,1,0.833,5,4,2,0.667,2,3,0,Unannounced,7.25
278,6,6,0,1.0,6,3,3,0.5,2,3,0,Unannounced,7.39
279,6,2,4,0.333,4,3,3,0.5,2,2,3,Unannounced,1.81
280,6,0,6,0.0,6,0,6,0.0,6,0,6,Unannounced,-2.38
281,6,3,3,0.5,3,2,4,0.333,3,1,2,Unannounced,1.36
282,6,1,5,0.167,4,3,3,0.5,2,1,3,Unannounced,3.33
283,6,2,4,0.333,3,2,4,0.333,2,1,3,Unannounced,0.84
284,6,2,4,0.333,2,4,2,0.667,3,2,2,Unannounced,3.56
285,6,4,2,0.667,3,4,2,0.667,3,4,2,Unannounced,4.94
286,6,1,5,0.167,3,3,3,0.5,2,1,3,Unannounced,2.45
287,6,3,3,0.5,3,2,4,0.333,2,1,2,Unannounced,2.36
288,6,1,5,0.167,5,3,3,0.5,1,1,3,Unannounced,1.33
289,6,3,3,0.5,2,1,5,0.167,3,1,3,Unannounced,0.94
290,6,2,4,0.333,3,1,5,0.167,5,0,3,Unannounced,1.18
291,6,4,2,0.667,3,2,4,0.333,3,2,2,Unannounced,2.31
292,6,1,5,0.167,5,2,4,0.333,4,1,4,Unannounced,2.58
293,6,5,1,0.833,3,3,3,0.5,2,3,1,Unannounced,6.07
294,6,5,1,0.833,5,5,1,0.833,3,4,0,Unannounced,10.02
295,6,1,5,0.167,4,3,3,0.5,2,1,3,Unannounced,3.33
296,6,3,3,0.5,2,3,3,0.5,2,2,2,Unannounced,5.0
297,6,2,4,0.333,3,4,2,0.667,4,2,2,Unannounced,6.01
298,6,4,2,0.667,3,2,4,0.333,3,2,2,Unannounced,4.65
299,6,3,3,0.5,2,3,3,0.5,1,2,2,Unannounced,5.22
300,6,1,5,0.167,4,2,4,0.333,2,1,4,Unannounced,0.02
301,6,3,3,0.5,2,3,3,0.5,1,1,1,Unannounced,3.69
302,6,4,2,0.667,2,4,2,0.667,3,3,1,Unannounced,7.61
303,6,2,4,0.333,2,4,2,0.667,4,1,1,Unannounced,5.26
304,6,2,4,0.333,2,3,3,0.5,2,1,2,Unannounced,2.78
305,6,1,5,0.167,4,2,4,0.333,4,1,4,Unannounced,2.36
306,6,3,3,0.5,2,3,3,0.5,3,2,2,Unannounced,2.66
307,6,4,2,0.667,4,3,3,0.5,2,3,2,Unannounced,4.8
308,6,4,2,0.667,2,4,2,0.667,3,3,1,Unannounced,6.06
309,6,2,4,0.333,3,3,3,0.5,1,2,3,Unannounced,4.14
310,6,5,1,0.833,3,4,2,0.667,2,4,1,Unannounced,7.78
311,6,3,3,0.5,2,2,4,0.333,3,2,3,Unannounced,3.17
312,6,5,1,0.833,5,3,3,0.5,1,3,1,Unannounced,4.96
313,6,6,0,1.0,6,3,3,0.5,2,3,0,Unannounced,6.72
314,6,1,5,0.167,4,2,4,0.333,2,1,4,Unannounced,0.02
315,6,4,2,0.667,2,3,3,0.5,2,2,1,Unannounced,4.87
316,6,1,5,0.167,4,2,4,0.333,2,1,4,Unannounced,1.02
317,6,2,4,0.333,2,3,3,0.5,2,2,3,Unannounced,2.48
318,6,2,4,0.333,4,3,3,0.5,3,2,3,Unannounced,4.03
319,6,2,4,0.333,2,2,4,0.333,3,1,3,Unannounced,0.84
320,6,0,6,0.0,6,4,2,0.667,2,0,2,Unannounced,3.53
321,6,4,2,0.667,2,6,0,1.0,6,4,0,Unannounced,10.24
322,6,3,3,0.5,2,3,3,0.5,2,2,2,Unannounced,4.55
323,6,3,3,0.5,2,3,3,0.5,2,2,2,Unannounced,4.77
324,6,3,3,0.5,2,4,2,0.667,3,3,2,Unannounced,7.08
325,6,5,1,0.833,4,4,2,0.667,3,3,0,Unannounced,7.92
326,6,2,4,0.333,3,2,4,0.333,2,1,3,Unannounced,2.73
327,6,4,2,0.667,3,2,4,0.333,4,2,2,Unannounced,4.87
328,6,3,3,0.5,3,2,4,0.333,2,2,3,Unannounced,1.51
329,6,5,1,0.833,3,2,4,0.333,3,2,1,Unannounced,4.59
330,6,6,0,1.0,6,3,3,0.5,3,3,0,Unannounced,7.39
331,6,3,3,0.5,2,4,2,0.667,4,2,1,Unannounced,4.03
332,6,2,4,0.333,2,2,4,0.333,2,0,2,Unannounced,1.6
333,6,1,5,0.167,3,2,4,0.333,2,1,4,Unannounced,0.36
334,6,3,3,0.5,1,4,2,0.667,2,3,2,Unannounced,5.86
335,6,3,3,0.5,2,4,2,0.667,2,2,1,Unannounced,4.81
336,6,2,4,0.333,4,2,4,0.333,3,1,3,Unannounced,3.73
337,6,4,2,0.667,4,4,2,0.667,2,2,0,Unannounced,5.82
338,6,3,3,0.5,3,3,3,0.5,2,1,1,Unannounced,4.69
339,6,5,1,0.833,4,5,1,0.833,5,4,0,Unannounced,9.35
340,6,4,2,0.667,4,2,4,0.333,2,2,2,Unannounced,4.87
341,6,0,6,0.0,6,5,1,0.833,5,0,1,Unannounced,4.07
342,6,2,4,0.333,3,3,3,0.5,3,2,3,Unannounced,3.03
343,6,0,6,0.0,6,4,2,0.667,2,0,2,Unannounced,3.53
344,6,1,5,0.167,4,1,5,0.167,4,1,5,Unannounced,0.17
345,6,3,3,0.5,2,3,3,0.5,2,2,2,Unannounced,4.66
346,6,3,3,0.5,2,3,3,0.5,2,3,3,Unannounced,3.66
347,6,5,1,0.833,4,3,3,0.5,3,3,1,Unannounced,5.52
348,6,4,2,0.667,3,3,3,0.5,2,3,2,Unannounced,6.13
349,6,2,4,0.333,3,4,2,0.667,3,2,2,Unannounced,5.79
350,6,5,1,0.833,5,4,2,0.667,3,4,1,Unannounced,6.66
351,6,2,4,0.333,2,4,2,0.667,3,1,1,Unannounced,4.82
352,6,3,3,0.5,3,3,3,0.5,2,1,1,Unannounced,4.25
353,6,1,5,0.167,5,2,4,0.333,2,1,4,Unannounced,0.02
354,6,5,1,0.833,5,4,2,0.667,3,4,1,Unannounced,8.22
355,6,1,5,0.167,3,3,3,0.5,3,1,3,Unannounced,2.0
356,6,6,0,1.0,6,4,2,0.667,3,4,0,Unannounced,8.2
357,6,3,3,0.5,2,2,4,0.333,2,2,3,Unannounced,2.62
358,6,3,3,0.5,2,5,1,0.833,3,2,0,Unannounced,6.94
359,6,6,0,1.0,6,3,3,0.5,3,3,0,Unannounced,7.84
360,6,0,6,0.0,6,3,3,0.5,2,0,3,Unannounced,2.11
361,6,3,3,0.5,2,3,3,0.5,3,2,2,Unannounced,3.66
362,6,2,4,0.333,2,2,4,0.333,4,0,2,Unannounced,2.94
363,6,4,2,0.667,3,3,3,0.5,3,3,2,Unannounced,7.02
364,6,3,3,0.5,3,4,2,0.667,3,3,2,Unannounced,3.86
365,6,5,1,0.833,5,4,2,0.667,2,4,1,Unannounced,8.44
366,5,4,1,0.8,3,3,2,0.6,2,3,1,Unannounced,7.49
367,5,3,2,0.6,2,2,3,0.4,2,2,2,Unannounced,4.18
368,5,1,4,0.2,2,1,4,0.2,2,1,4,Unannounced,-0.16
369,5,2,3,0.4,1,1,4,0.2,3,1,3,Unannounced,0.34
370,5,1,4,0.2,3,3,2,0.6,2,1,2,Unannounced,2.9
371,5,3,2,0.6,2,2,3,0.4,3,2,2,Unannounced,4.18
372,5,2,3,0.4,1,3,2,0.6,2,2,2,Unannounced,3.14
373,5,2,3,0.4,2,2,3,0.4,2,1,2,Unannounced,2.72
374,5,1,4,0.2,2,4,1,0.8,3,1,1,Unannounced,5.68
375,5,4,1,0.8,4,2,3,0.4,1,2,1,Unannounced,5.31
376,5,2,3,0.4,2,1,4,0.2,2,1,3,Unannounced,1.79
377,5,2,3,0.4,3,3,2,0.6,2,2,2,Unannounced,2.81
378,5,0,5,0.0,5,1,4,0.2,3,0,4,Unannounced,-0.55
379,5,4,1,0.8,2,2,3,0.4,2,1,0,Unannounced,4.44
380,5,5,0,1.0,5,3,2,0.6,1,3,0,Unannounced,8.0
381,5,0,5,0.0,5,1,4,0.2,2,0,4,Unannounced,-0.88
382,5,0,5,0.0,5,1,4,0.2,2,0,4,Unannounced,-0.88
383,5,2,3,0.4,2,3,2,0.6,2,2,2,Unannounced,4.81
384,5,3,2,0.6,3,2,3,0.4,2,1,1,Unannounced,2.53
385,5,2,3,0.4,1,1,4,0.2,3,1,3,Unannounced,0.34
386,5,3,2,0.6,2,2,3,0.4,3,1,1,Unannounced,3.2
387,5,0,5,0.0,5,2,3,0.4,2,0,3,Unannounced,1.45
388,5,1,4,0.2,2,1,4,0.2,3,0,3,Unannounced,-0.42
389,5,2,3,0.4,2,3,2,0.6,2,1,1,Unannounced,3.71
390,5,3,2,0.6,1,3,2,0.6,1,3,2,Unannounced,5.59
391,5,3,2,0.6,3,2,3,0.4,2,2,2,Unannounced,3.74
392,5,2,3,0.4,3,2,3,0.4,3,2,3,Unannounced,0.31
393,5,5,0,1.0,5,2,3,0.4,2,2,0,Unannounced,5.82
394,5,4,1,0.8,2,4,1,0.8,2,4,1,Unannounced,8.46
395,5,3,2,0.6,3,3,2,0.6,3,1,0,Unannounced,5.31
396,5,3,2,0.6,3,2,3,0.4,3,1,1,Unannounced,4.75
397,5,5,0,1.0,5,4,1,0.8,3,4,0,Unannounced,9.63
398,5,2,3,0.4,2,2,3,0.4,2,2,3,Unannounced,1.42
399,5,2,3,0.4,3,2,3,0.4,3,2,3,Unannounced,4.2
400,5,1,4,0.2,4,4,1,0.8,2,1,1,Unannounced,4.56
401,5,5,0,1.0,5,4,1,0.8,3,4,0,Unannounced,10.3
402,5,4,1,0.8,3,3,2,0.6,2,3,1,Unannounced,5.83
403,5,5,0,1.0,5,3,2,0.6,2,3,0,Unannounced,7.34
404,5,1,4,0.2,4,2,3,0.4,2,1,3,Unannounced,0.4
405,5,0,5,0.0,5,1,4,0.2,2,0,4,Unannounced,-0.88
406,5,2,3,0.4,2,2,3,0.4,2,2,3,Unannounced,2.53
407,5,4,1,0.8,4,4,1,0.8,3,3,0,Unannounced,8.28
408,5,1,4,0.2,4,1,4,0.2,3,0,3,Unannounced,-1.09
409,5,2,3,0.4,2,3,2,0.6,2,1,1,Unannounced,3.71
410,5,2,3,0.4,2,2,3,0.4,2,1,2,Unannounced,2.61
411,5,1,4,0.2,4,1,4,0.2,3,0,3,Unannounced,-1.09
412,5,5,0,1.0,5,3,2,0.6,2,3,0,Unannounced,7.78
413,5,0,5,0.0,5,1,4,0.2,2,0,4,Unannounced,-0.88
414,5,3,2,0.6,3,3,2,0.6,3,3,2,Unannounced,5.03
415,5,1,4,0.2,3,3,2,0.6,2,1,2,Unannounced,3.9
416,5,3,2,0.6,1,3,2,0.6,2,1,0,Unannounced,5.75
417,5,5,0,1.0,5,4,1,0.8,4,4,0,Unannounced,9.41
418,5,3,2,0.6,2,1,4,0.2,3,1,2,Unannounced,2.99
419,5,3,2,0.6,2,3,2,0.6,2,3,2,Unannounced,5.59
420,5,2,3,0.4,3,3,2,0.6,1,1,1,Unannounced,3.38
421,5,3,2,0.6,3,3,2,0.6,2,2,1,Unannounced,6.62
422,5,2,3,0.4,3,2,3,0.4,2,1,2,Unannounced,2.61
423,5,2,3,0.4,3,1,4,0.2,2,0,2,Unannounced,1.46
424,5,2,3,0.4,2,4,1,0.8,2,1,0,Unannounced,5.61
425,5,4,1,0.8,4,3,2,0.6,3,3,1,Unannounced,5.05
426,5,1,4,0.2,3,1,4,0.2,3,1,4,Unannounced,-1.27
427,5,4,1,0.8,3,3,2,0.6,3,2,0,Unannounced,6.97
428,5,2,3,0.4,3,2,3,0.4,2,1,2,Unannounced,0.95
429,5,4,1,0.8,4,2,3,0.4,2,2,1,Unannounced,5.75
430,5,4,1,0.8,2,4,1,0.8,3,3,0,Unannounced,8.73
431,5,1,4,0.2,3,1,4,0.2,4,0,3,Unannounced,-0.09
432,5,1,4,0.2,3,4,1,0.8,2,1,1,Unannounced,5.23
433,5,0,5,0.0,5,2,3,0.4,3,0,3,Unannounced,0.79
434,5,0,5,0.0,5,2,3,0.4,2,0,3,Unannounced,0.12
435,5,2,3,0.4,2,4,1,0.8,3,2,1,Unannounced,6.92
436,5,2,3,0.4,2,3,2,0.6,3,1,1,Unannounced,3.49
437,5,1,4,0.2,3,2,3,0.4,2,1,3,Unannounced,1.06
438,5,3,2,0.6,1,3,2,0.6,2,1,0,Unannounced,5.75
439,5,3,2,0.6,2,2,3,0.4,2,2,2,Unannounced,3.18
440,5,3,2,0.6,2,1,4,0.2,4,1,2,Unannounced,3.21
441,5,1,4,0.2,4,1,4,0.2,3,0,3,Unannounced,-1.09
442,5,2,3,0.4,3,2,3,0.4,2,1,2,Unannounced,1.61
443,5,4,1,0.8,3,2,3,0.4,2,1,0,Unannounced,4.89
444,5,4,1,0.8,4,3,2,0.6,2,3,1,Unannounced,5.27
445,5,0,5,0.0,5,1,4,0.2,2,0,4,Unannounced,-0.88
446,5,3,2,0.6,2,5,0,1.0,5,3,0,Unannounced,9.73
447,5,5,0,1.0,5,3,2,0.6,2,3,0,Unannounced,7.34
448,5,2,3,0.4,2,3,2,0.6,1,1,1,Unannounced,3.83
449,5,2,3,0.4,3,2,3,0.4,2,0,1,Unannounced,2.34
450,5,3,2,0.6,2,2,3,0.4,2,2,2,Unannounced,3.4
451,5,4,1,0.8,3,3,2,0.6,2,3,1,Unannounced,7.05
452,5,0,5,0.0,5,2,3,0.4,3,0,3,Unannounced,0.79
453,5,2,3,0.4,2,2,3,0.4,2,0,1,Unannounced,3.34
454,5,3,2,0.6,2,1,4,0.2,3,1,2,Unannounced,1.99
455,5,5,0,1.0,5,3,2,0.6,2,3,0,Unannounced,7.78
456,5,2,3,0.4,2,3,2,0.6,2,0,0,Unannounced,4.34
457,5,3,2,0.6,2,3,2,0.6,2,3,2,Unannounced,6.15
458,5,0,5,0.0,5,1,4,0.2,3,0,4,Unannounced,-0.55
459,5,4,1,0.8,3,3,2,0.6,1,3,1,Unannounced,6.27
460,5,5,0,1.0,5,4,1,0.8,3,4,0,Unannounced,9.63
461,5,2,3,0.4,2,2,3,0.4,3,0,1,Unannounced,2.34
462,5,2,3,0.4,2,1,4,0.2,2,1,3,Unannounced,1.79
463,5,2,3,0.4,2,3,2,0.6,2,1,1,Unannounced,3.38
464,5,3,2,0.6,2,2,3,0.4,2,2,2,Unannounced,3.07
465,5,4,1,0.8,4,1,4,0.2,3,1,1,Unannounced,3.67
466,5,5,0,1.0,5,3,2,0.6,2,3,0,Unannounced,7.34
467,5,4,1,0.8,2,3,2,0.6,2,2,0,Unannounced,6.31
468,5,3,2,0.6,3,2,3,0.4,2,1,1,Unannounced,4.31
469,5,0,5,0.0,5,2,3,0.4,2,0,3,Unannounced,1.12
470,5,3,2,0.6,3,2,3,0.4,2,2,2,Unannounced,5.29
471,5,1,4,0.2,2,3,2,0.6,2,0,1,Unannounced,2.62
472,5,2,3,0.4,3,2,3,0.4,3,2,3,Unannounced,4.2
473,5,1,4,0.2,3,3,2,0.6,2,1,2,Unannounced,1.9
474,5,4,1,0.8,2,3,2,0.6,2,2,0,Unannounced,6.53
475,5,4,1,0.8,4,2,3,0.4,2,2,1,Unannounced,5.53
476,5,2,3,0.4,3,1,4,0.2,4,1,3,Unannounced,-0.66
477,5,2,3,0.4,2,2,3,0.4,2,1,2,Unannounced,3.17
478,5,4,1,0.8,4,3,2,0.6,2,2,0,Unannounced,6.53
479,5,5,0,1.0,5,4,1,0.8,4,4,0,Unannounced,9.41
480,5,0,5,0.0,5,1,4,0.2,4,0,4,Unannounced,-0.22
481,5,2,3,0.4,2,4,1,0.8,3,1,0,Unannounced,6.06
482,5,3,2,0.6,2,4,1,0.8,3,3,1,Unannounced,7.7
483,5,3,2,0.6,1,2,3,0.4,3,1,1,Unannounced,4.75
484,5,3,2,0.6,3,3,2,0.6,3,3,2,Unannounced,5.03
485,5,0,5,0.0,5,3,2,0.6,2,0,2,Unannounced,2.29
486,5,3,2,0.6,2,2,3,0.4,2,1,1,Unannounced,2.53
487,5,4,1,0.8,4,5,0,1.0,5,4,0,Unannounced,10.26
488,5,2,3,0.4,2,4,1,0.8,4,2,1,Unannounced,5.14
489,5,0,5,0.0,5,3,2,0.6,1,0,2,Unannounced,2.62
490,5,3,2,0.6,3,1,4,0.2,3,1,2,Unannounced,3.66
491,5,4,1,0.8,2,3,2,0.6,3,2,0,Unannounced,6.31
492,5,1,4,0.2,3,2,3,0.4,1,1,3,Unannounced,0.73
493,5,1,4,0.2,4,1,4,0.2,4,0,3,Unannounced,0.25
494,5,2,3,0.4,3,3,2,0.6,2,1,1,Unannounced,3.38
495,5,3,2,0.6,2,2,3,0.4,1,2,2,Unannounced,2.63
496,5,3,2,0.6,3,2,3,0.4,2,1,1,Unannounced,3.86
497,5,3,2,0.6,2,3,2,0.6,2,1,0,Unannounced,5.53
498,5,4,1,0.8,3,3,2,0.6,2,3,1,Unannounced,7.05
499,5,0,5,0.0,5,2,3,0.4,2,0,3,Unannounced,1.12
500,5,3,2,0.6,2,3,2,0.6,2,2,1,Unannounced,5.95
501,5,2,3,0.4,3,1,4,0.2,4,1,3,Unannounced,1.56
502,5,3,2,0.6,1,3,2,0.6,3,2,1,Unannounced,6.39
503,5,4,1,0.8,2,4,1,0.8,2,4,1,Unannounced,8.46
504,5,3,2,0.6,2,3,2,0.6,2,2,1,Unannounced,5.06
505,5,3,2,0.6,3,4,1,0.8,3,2,0,Unannounced,6.74
506,5,1,4,0.2,3,2,3,0.4,2,1,3,Unannounced,1.4
507,5,2,3,0.4,2,3,2,0.6,2,2,2,Unannounced,3.81
508,5,0,5,0.0,5,1,4,0.2,4,0,4,Unannounced,-0.22
509,5,2,3,0.4,2,3,2,0.6,2,1,1,Unannounced,4.27
510,5,4,1,0.8,4,2,3,0.4,2,2,1,Unannounced,4.42
511,5,3,2,0.6,2,3,2,0.6,2,3,2,Unannounced,6.15
512,5,3,2,0.6,2,2,3,0.4,2,1,1,Unannounced,3.75
513,5,2,3,0.4,3,4,1,0.8,3,2,1,Unannounced,5.7
514,5,4,1,0.8,4,2,3,0.4,3,1,0,Unannounced,5.11
515,5,2,3,0.4,1,2,3,0.4,2,1,2,Unannounced,1.95
516,5,4,1,0.8,4,2,3,0.4,1,2,1,Unannounced,3.97
517,5,2,3,0.4,2,2,3,0.4,2,1,2,Unannounced,3.17
518,5,0,5,0.0,5,3,2,0.6,1,0,2,Unannounced,2.62
519,5,1,4,0.2,4,4,1,0.8,2,1,1,Unannounced,4.56
520,5,0,5,0.0,5,1,4,0.2,3,0,4,Unannounced,-1.55
521,5,2,3,0.4,2,1,4,0.2,3,1,3,Unannounced,1.68
522,5,3,2,0.6,2,2,3,0.4,2,1,1,Unannounced,3.2
523,5,3,2,0.6,2,2,3,0.4,2,2,2,Unannounced,2.63
524,5,3,2,0.6,2,3,2,0.6,2,3,2,Unannounced,6.15
525,5,4,1,0.8,4,2,3,0.4,2,2,1,Unannounced,5.53
526,5,1,4,0.2,2,4,1,0.8,4,1,1,Unannounced,4.34
527,5,3,2,0.6,2,3,2,0.6,1,2,1,Unannounced,4.95
528,5,2,3,0.4,3,4,1,0.8,3,2,1,Unannounced,6.7
529,5,1,4,0.2,3,3,2,0.6,2,1,2,Unannounced,3.23
530,5,4,1,0.8,4,4,1,0.8,4,4,1,Unannounced,9.57
531,5,1,4,0.2,3,2,3,0.4,3,1,3,Unannounced,2.73
532,5,2,3,0.4,2,1,4,0.2,2,1,3,Unannounced,0.45
533,5,3,2,0.6,2,3,2,0.6,2,3,2,Unannounced,3.92
534,5,4,1,0.8,4,3,2,0.6,2,3,1,Unannounced,7.27
535,5,4,1,0.8,4,5,0,1.0,5,4,0,Unannounced,10.26
536,5,3,2,0.6,3,3,2,0.6,3,3,2,Unannounced,5.03
537,5,0,5,0.0,5,2,3,0.4,1,0,3,Unannounced,0.45
538,5,3,2,0.6,3,3,2,0.6,2,2,1,Unannounced,4.39
539,5,1,4,0.2,3,2,3,0.4,2,1,3,Unannounced,0.4
540,5,3,2,0.6,2,3,2,0.6,1,2,1,Unannounced,5.51
541,5,4,1,0.8,3,4,1,0.8,3,3,0,Unannounced,8.5
542,5,4,1,0.8,3,3,2,0.6,2,3,1,Unannounced,5.83
543,5,2,3,0.4,2,3,2,0.6,1,2,2,Unannounced,3.92
544,5,2,3,0.4,2,1,4,0.2,3,0,2,Unannounced,1.46
545,5,3,2,0.6,3,2,3,0.4,2,2,2,Unannounced,2.07
546,4,1,3,0.25,2,1,3,0.25,2,1,3,Unannounced,0.15
547,4,3,1,0.75,3,2,2,0.5,2,2,1,Unannounced,3.89
548,4,1,3,0.25,3,2,2,0.5,1,1,2,Unannounced,1.26
549,4,2,2,0.5,2,1,3,0.25,2,0,1,Unannounced,2.17
550,4,3,1,0.75,2,3,1,0.75,2,2,0,Unannounced,7.0
551,4,3,1,0.75,2,3,1,0.75,3,2,0,Unannounced,7.44
552,4,2,2,0.5,2,3,1,0.75,3,1,0,Unannounced,6.1
553,4,1,3,0.25,2,1,3,0.25,3,0,2,Unannounced,-0.12
554,4,1,3,0.25,3,2,2,0.5,2,1,2,Unannounced,3.48
555,4,0,4,0.0,4,2,2,0.5,2,0,2,Unannounced,1.25
556,4,2,2,0.5,1,2,2,0.5,1,2,2,Unannounced,4.34
557,4,2,2,0.5,2,1,3,0.25,3,1,2,Unannounced,2.98
558,4,3,1,0.75,3,2,2,0.5,2,1,0,Unannounced,4.96
559,4,0,4,0.0,4,2,2,0.5,2,0,2,Unannounced,1.25
560,4,3,1,0.75,2,3,1,0.75,2,3,1,Unannounced,7.4
561,4,3,1,0.75,2,3,1,0.75,2,3,1,Unannounced,6.85
562,4,3,1,0.75,2,2,2,0.5,1,2,1,Unannounced,4.78
563,4,2,2,0.5,2,2,2,0.5,2,2,2,Unannounced,3.78
564,4,3,1,0.75,3,1,3,0.25,2,1,1,Unannounced,4.2
565,4,0,4,0.0,4,1,3,0.25,2,0,3,Unannounced,-0.31
566,4,3,1,0.75,3,3,1,0.75,2,2,0,Unannounced,7.66
567,4,1,3,0.25,2,1,3,0.25,3,0,2,Unannounced,1.55
568,4,2,2,0.5,2,1,3,0.25,2,0,1,Unannounced,1.84
569,4,3,1,0.75,2,2,2,0.5,1,2,1,Unannounced,5.11
570,4,4,0,1.0,4,3,1,0.75,3,3,0,Unannounced,9.35
571,4,2,2,0.5,2,2,2,0.5,2,2,2,Unannounced,2.12
572,4,3,1,0.75,2,3,1,0.75,2,3,1,Unannounced,7.4
573,4,2,2,0.5,2,1,3,0.25,3,1,2,Unannounced,0.43
574,4,0,4,0.0,4,1,3,0.25,2,0,3,Unannounced,-0.64
575,4,2,2,0.5,1,0,4,0.0,4,0,2,Unannounced,1.18
576,4,4,0,1.0,4,3,1,0.75,3,3,0,Unannounced,8.46
577,4,0,4,0.0,4,1,3,0.25,3,0,3,Unannounced,0.03
578,4,1,3,0.25,3,1,3,0.25,2,0,2,Unannounced,1.55
579,4,2,2,0.5,1,3,1,0.75,3,2,1,Unannounced,4.8
580,4,4,0,1.0,4,2,2,0.5,2,2,0,Unannounced,6.5
581,4,2,2,0.5,2,2,2,0.5,2,2,2,Unannounced,3.23
582,4,4,0,1.0,4,2,2,0.5,1,2,0,Unannounced,6.28
583,4,2,2,0.5,2,3,1,0.75,3,2,1,Unannounced,7.03
584,4,2,2,0.5,1,2,2,0.5,2,1,1,Unannounced,3.33
585,4,2,2,0.5,1,2,2,0.5,2,1,1,Unannounced,2.55
586,4,3,1,0.75,3,1,3,0.25,2,1,1,Unannounced,3.98
587,4,3,1,0.75,3,2,2,0.5,1,2,1,Unannounced,6.11
588,4,2,2,0.5,2,1,3,0.25,2,1,2,Unannounced,0.87
589,4,3,1,0.75,3,2,2,0.5,1,2,1,Unannounced,4.11
590,3,1,2,0.333,1,1,2,0.333,1,1,2,Unannounced,1.18
591,4,0,4,0.0,4,2,2,0.5,2,0,2,Unannounced,0.58
592,4,2,2,0.5,2,2,2,0.5,2,2,2,Unannounced,2.12
593,4,2,2,0.5,2,3,1,0.75,2,2,1,Unannounced,5.36
594,4,2,2,0.5,2,1,3,0.25,3,0,1,Unannounced,2.17
595,4,1,3,0.25,2,0,4,0.0,4,0,3,Unannounced,-0.54
596,4,1,3,0.25,3,1,3,0.25,3,1,3,Unannounced,1.26
597,4,1,3,0.25,2,2,2,0.5,1,1,2,Unannounced,2.7
598,4,3,1,0.75,2,1,3,0.25,2,1,1,Unannounced,3.53
599,4,1,3,0.25,2,1,3,0.25,3,0,2,Unannounced,1.21
600,4,2,2,0.5,2,3,1,0.75,3,1,0,Unannounced,5.21
601,4,0,4,0.0,4,2,2,0.5,2,0,2,Unannounced,0.58
602,4,3,1,0.75,2,2,2,0.5,1,2,1,Unannounced,4.78
603,4,1,3,0.25,2,1,3,0.25,2,1,3,Unannounced,0.71
604,4,1,3,0.25,3,2,2,0.5,2,1,2,Unannounced,1.59
605,4,3,1,0.75,3,2,2,0.5,1,2,1,Unannounced,4.11
606,4,3,1,0.75,2,4,0,1.0,4,3,0,Unannounced,9.87
607,4,1,3,0.25,3,2,2,0.5,2,1,2,Unannounced,1.59
608,4,3,1,0.75,3,2,2,0.5,2,2,1,Unannounced,3.89
609,4,3,1,0.75,3,1,3,0.25,2,1,1,Unannounced,3.98
610,4,1,3,0.25,2,2,2,0.5,1,1,2,Unannounced,2.7
611,4,3,1,0.75,3,1,3,0.25,2,1,1,Unannounced,2.86
612,4,1,3,0.25,2,1,3,0.25,2,1,3,Unannounced,0.71
613,4,3,1,0.75,2,3,1,0.75,2,3,1,Unannounced,6.85
614,4,2,2,0.5,2,3,1,0.75,2,2,1,Unannounced,6.36
615,4,1,3,0.25,3,1,3,0.25,3,1,3,Unannounced,1.26
616,3,0,3,0.0,3,0,3,0.0,3,0,3,Unannounced,-2.05
617,4,2,2,0.5,2,2,2,0.5,1,1,1,Unannounced,3.33
618,4,3,1,0.75,2,2,2,0.5,2,2,1,Unannounced,4.67
619,4,1,3,0.25,3,1,3,0.25,2,0,2,Unannounced,1.55
620,4,3,1,0.75,3,1,3,0.25,2,1,1,Unannounced,3.98
621,4,3,1,0.75,2,2,2,0.5,2,2,1,Unannounced,4.22
622,4,0,4,0.0,4,1,3,0.25,2,0,3,Unannounced,-0.64
623,4,4,0,1.0,4,4,0,1.0,4,4,0,Unannounced,11.75
624,4,0,4,0.0,4,3,1,0.75,2,0,1,Unannounced,3.71
625,4,3,1,0.75,2,3,1,0.75,2,3,1,Unannounced,6.85
626,4,4,0,1.0,4,2,2,0.5,1,2,0,Unannounced,6.28
627,4,0,4,0.0,4,2,2,0.5,2,0,2,Unannounced,0.58
628,4,4,0,1.0,4,1,3,0.25,2,1,0,Unannounced,5.04
629,4,3,1,0.75,3,3,1,0.75,3,3,1,Unannounced,8.51
630,4,4,0,1.0,4,2,2,0.5,1,2,0,Unannounced,6.95
631,4,2,2,0.5,2,3,1,0.75,2,2,1,Unannounced,6.36
632,4,2,2,0.5,1,3,1,0.75,2,2,1,Unannounced,5.47
633,4,2,2,0.5,2,3,1,0.75,3,2,1,Unannounced,4.58
634,4,1,3,0.25,2,2,2,0.5,1,1,2,Unannounced,1.93
635,4,0,4,0.0,4,0,4,0.0,4,0,4,Unannounced,-2.19
636,4,0,4,0.0,4,1,3,0.25,2,0,3,Unannounced,-0.64
637,4,1,3,0.25,3,1,3,0.25,2,0,2,Unannounced,0.21
638,4,2,2,0.5,2,2,2,0.5,1,1,1,Unannounced,3.33
639,4,3,1,0.75,3,2,2,0.5,2,2,1,Unannounced,4.55
640,4,2,2,0.5,2,3,1,0.75,3,2,1,Unannounced,4.58
641,4,0,4,0.0,4,1,3,0.25,2,0,3,Unannounced,-0.31
642,4,3,1,0.75,3,3,1,0.75,3,3,1,Unannounced,8.51
643,4,4,0,1.0,4,3,1,0.75,2,3,0,Unannounced,8.68
644,4,0,4,0.0,4,3,1,0.75,2,0,1,Unannounced,3.71
645,4,2,2,0.5,2,2,2,0.5,2,2,2,Unannounced,3.23
646,4,2,2,0.5,2,2,2,0.5,2,2,2,Unannounced,3.23
647,4,3,1,0.75,3,1,3,0.25,3,1,1,Unannounced,4.42
648,4,3,1,0.75,3,3,1,0.75,3,3,1,Unannounced,8.51
649,4,0,4,0.0,4,2,2,0.5,2,0,2,Unannounced,1.58
650,4,0,4,0.0,4,3,1,0.75,2,0,1,Unannounced,3.71
651,4,2,2,0.5,2,1,3,0.25,2,1,2,Unannounced,2.76
652,4,3,1,0.75,3,4,0,1.0,4,3,0,Unannounced,9.42
653,4,1,3,0.25,2,1,3,0.25,2,1,3,Unannounced,0.15
654,4,3,1,0.75,2,1,3,0.25,2,1,1,Unannounced,2.98
655,4,0,4,0.0,4,1,3,0.25,3,0,3,Unannounced,-1.31
656,4,3,1,0.75,2,2,2,0.5,1,1,0,Unannounced,5.41
657,4,1,3,0.25,2,2,2,0.5,2,0,1,Unannounced,3.33
658,4,3,1,0.75,3,3,1,0.75,2,2,0,Unannounced,7.44
659,4,4,0,1.0,4,2,2,0.5,2,2,0,Unannounced,7.17
660,4,0,4,0.0,4,0,4,0.0,4,0,4,Unannounced,-2.19
661,4,2,2,0.5,2,3,1,0.75,2,1,0,Unannounced,6.1
662,4,2,2,0.5,1,3,1,0.75,3,1,0,Unannounced,5.66
663,4,4,0,1.0,4,3,1,0.75,3,3,0,Unannounced,9.35
664,4,1,3,0.25,3,3,1,0.75,2,1,1,Unannounced,4.06
665,4,3,1,0.75,3,3,1,0.75,2,2,0,Unannounced,6.78
666,4,3,1,0.75,3,2,2,0.5,2,2,1,Unannounced,5.89
667,4,3,1,0.75,2,2,2,0.5,2,2,1,Unannounced,5.0
668,4,3,1,0.75,3,2,2,0.5,2,1,0,Unannounced,4.52
669,4,0,4,0.0,4,2,2,0.5,1,0,2,Unannounced,1.91
670,4,3,1,0.75,2,3,1,0.75,2,2,0,Unannounced,7.0
671,4,4,0,1.0,4,1,3,0.25,2,1,0,Unannounced,5.04
672,4,2,2,0.5,2,2,2,0.5,2,2,2,Unannounced,4.9
673,4,4,0,1.0,4,3,1,0.75,3,3,0,Unannounced,8.46
674,4,4,0,1.0,4,2,2,0.5,2,2,0,Unannounced,6.72
675,4,3,1,0.75,3,3,1,0.75,3,3,1,Unannounced,8.51
676,4,1,3,0.25,2,2,2,0.5,1,1,2,Unannounced,1.93
677,4,2,2,0.5,2,2,2,0.5,2,2,2,Unannounced,2.12
678,4,1,3,0.25,3,1,3,0.25,2,0,2,Unannounced,1.55
679,4,1,3,0.25,3,1,3,0.25,2,0,2,Unannounced,-0.12
680,4,0,4,0.0,4,3,1,0.75,2,0,1,Unannounced,3.71
681,4,1,3,0.25,3,3,1,0.75,2,1,1,Unannounced,3.72
682,4,2,2,0.5,2,2,2,0.5,2,2,2,Unannounced,2.12
683,4,2,2,0.5,1,3,1,0.75,3,2,1,Unannounced,4.8
684,4,3,1,0.75,3,1,3,0.25,2,1,1,Unannounced,4.2
685,4,4,0,1.0,4,4,0,1.0,4,4,0,Unannounced,11.75
686,4,2,2,0.5,2,2,2,0.5,2,2,2,Unannounced,2.12
687,4,1,3,0.25,3,2,2,0.5,2,1,2,Unannounced,3.48
688,4,0,4,0.0,4,1,3,0.25,3,0,3,Unannounced,0.03
689,4,1,3,0.25,2,2,2,0.5,2,1,2,Unannounced,3.26
690,4,1,3,0.25,3,3,1,0.75,2,1,1,Unannounced,4.95
691,4,1,3,0.25,2,1,3,0.25,3,0,2,Unannounced,1.55
692,4,2,2,0.5,2,1,3,0.25,3,1,2,Unannounced,1.98
693,4,4,0,1.0,4,3,1,0.75,3,3,0,Unannounced,9.35
694,4,1,3,0.25,2,2,2,0.5,2,0,1,Unannounced,2.33
695,4,4,0,1.0,4,3,1,0.75,2,3,0,Unannounced,8.68
696,4,0,4,0.0,4,0,4,0.0,4,0,4,Unannounced,-2.19
697,4,1,3,0.25,2,1,3,0.25,2,1,3,Unannounced,0.15
698,4,2,2,0.5,1,1,3,0.25,3,1,2,Unannounced,2.65
699,4,1,3,0.25,2,2,2,0.5,2,0,1,Unannounced,2.33
700,4,2,2,0.5,2,2,2,0.5,2,1,1,Unannounced,2.99
701,4,2,2,0.5,2,2,2,0.5,1,1,1,Unannounced,3.22
702,4,1,3,0.25,2,1,3,0.25,2,1,3,Unannounced,0.71
703,4,4,0,1.0,4,2,2,0.5,2,2,0,Unannounced,7.17
704,4,2,2,0.5,2,2,2,0.5,1,1,1,Unannounced,3.88
705,4,2,2,0.5,1,1,3,0.25,2,1,2,Unannounced,2.21
706,4,2,2,0.5,2,3,1,0.75,2,2,1,Unannounced,6.36
707,4,2,2,0.5,2,0,4,0.0,4,0,2,Unannounced,0.52
708,4,2,2,0.5,2,3,1,0.75,2,2,1,Unannounced,4.92
709,4,4,0,1.0,4,4,0,1.0,4,4,0,Unannounced,11.75
710,4,2,2,0.5,2,4,0,1.0,4,2,0,Unannounced,8.38
711,4,3,1,0.75,2,3,1,0.75,2,3,1,Unannounced,6.85
712,4,2,2,0.5,1,2,2,0.5,2,1,1,Unannounced,2.55
713,4,3,1,0.75,2,1,3,0.25,2,1,1,Unannounced,3.53
714,4,0,4,0.0,4,2,2,0.5,2,0,2,Unannounced,0.58
715,4,3,1,0.75,2,1,3,0.25,2,1,1,Unannounced,2.98
716,4,3,1,0.75,2,3,1,0.75,3,2,0,Unannounced,7.44
717,4,1,3,0.25,3,1,3,0.25,3,0,2,Unannounced,0.55
718,3,3,0,1.0,3,2,1,0.667,2,2,0,Unannounced,7.22
719,3,2,1,0.667,2,3,0,1.0,3,2,0,Unannounced,8.76
720,3,1,2,0.333,2,2,1,0.667,1,1,1,Unannounced,3.98
721,3,1,2,0.333,1,2,1,0.667,2,1,1,Unannounced,3.42
722,3,1,2,0.333,2,0,3,0.0,3,0,2,Unannounced,-0.61
723,3,2,1,0.667,1,0,3,0.0,3,0,1,Unannounced,1.6
724,3,0,3,0.0,3,1,2,0.333,2,0,2,Unannounced,0.37
725,3,1,2,0.333,2,2,1,0.667,1,1,1,Unannounced,3.53
726,3,2,1,0.667,2,2,1,0.667,2,2,1,Unannounced,6.03
727,3,2,1,0.667,2,2,1,0.667,2,2,1,Unannounced,4.92
728,3,1,2,0.333,1,1,2,0.333,1,1,2,Unannounced,1.18
729,3,1,2,0.333,2,0,3,0.0,3,0,2,Unannounced,-0.61
730,3,1,2,0.333,2,1,2,0.333,2,1,2,Unannounced,1.73
731,3,2,1,0.667,1,2,1,0.667,1,2,1,Unannounced,5.47
732,3,0,3,0.0,3,1,2,0.333,2,0,2,Unannounced,0.37
733,3,3,0,1.0,3,1,2,0.333,2,1,0,Unannounced,4.8
734,3,3,0,1.0,3,2,1,0.667,2,2,0,Unannounced,7.67
735,3,2,1,0.667,2,1,2,0.333,1,1,1,Unannounced,2.72
736,3,1,2,0.333,1,2,1,0.667,2,1,1,Unannounced,3.42
737,3,2,1,0.667,2,1,2,0.333,1,1,1,Unannounced,2.72
738,3,2,1,0.667,2,3,0,1.0,3,2,0,Unannounced,8.31
739,3,1,2,0.333,1,1,2,0.333,2,0,1,Unannounced,1.29
740,3,1,2,0.333,1,1,2,0.333,1,1,2,Unannounced,1.18
741,3,0,3,0.0,3,2,1,0.667,2,0,1,Unannounced,2.28
742,3,2,1,0.667,2,2,1,0.667,2,2,1,Unannounced,4.92
743,3,1,2,0.333,1,1,2,0.333,1,1,2,Unannounced,1.18
744,3,2,1,0.667,1,1,2,0.333,2,1,1,Unannounced,2.83
745,3,2,1,0.667,2,2,1,0.667,2,2,1,Unannounced,6.03
746,3,2,1,0.667,1,2,1,0.667,1,2,1,Unannounced,5.47
747,3,1,2,0.333,1,1,2,0.333,2,0,1,Unannounced,1.29
748,3,1,2,0.333,1,2,1,0.667,2,1,1,Unannounced,3.42
749,3,2,1,0.667,2,2,1,0.667,2,1,0,Unannounced,5.44
750,3,0,3,0.0,3,2,1,0.667,1,0,1,Unannounced,2.62
751,3,2,1,0.667,1,2,1,0.667,1,2,1,Unannounced,5.47
752,3,3,0,1.0,3,3,0,1.0,3,3,0,Unannounced,10.83
753,3,2,1,0.667,1,2,1,0.667,1,2,1,Unannounced,5.47
754,3,2,1,0.667,2,1,2,0.333,2,1,1,Unannounced,3.61
755,3,2,1,0.667,1,1,2,0.333,2,1,1,Unannounced,3.28
756,3,2,1,0.667,2,1,2,0.333,2,1,1,Unannounced,3.61
757,3,2,1,0.667,2,1,2,0.333,1,1,1,Unannounced,3.39
758,3,3,0,1.0,3,1,2,0.333,1,1,0,Unannounced,5.03
759,3,2,1,0.667,2,1,2,0.333,1,1,1,Unannounced,2.72
760,2,0,2,0.0,2,1,1,0.5,1,0,1,Unannounced,1.19
761,3,1,2,0.333,1,2,1,0.667,2,1,1,Unannounced,3.42
762,3,1,2,0.333,1,3,0,1.0,3,1,0,Unannounced,6.82
763,3,2,1,0.667,1,2,1,0.667,1,2,1,Unannounced,5.47
764,3,3,0,1.0,3,2,1,0.667,2,2,0,Unannounced,7.22
765,3,3,0,1.0,3,2,1,0.667,1,2,0,Unannounced,7.45
766,3,2,1,0.667,2,1,2,0.333,2,1,1,Unannounced,3.61
767,3,2,1,0.667,1,1,2,0.333,2,1,1,Unannounced,3.28
768,3,0,3,0.0,3,1,2,0.333,1,0,2,Unannounced,0.04
769,3,3,0,1.0,3,2,1,0.667,1,2,0,Unannounced,7.45
770,3,1,2,0.333,2,2,1,0.667,1,1,1,Unannounced,3.98
771,3,3,0,1.0,3,1,2,0.333,2,1,0,Unannounced,4.8
772,3,2,1,0.667,2,1,2,0.333,2,1,1,Unannounced,3.61
773,3,1,2,0.333,2,1,2,0.333,1,0,1,Unannounced,1.29
774,3,2,1,0.667,2,1,2,0.333,1,1,1,Unannounced,3.39
775,3,1,2,0.333,1,0,3,0.0,3,0,2,Unannounced,-0.27
776,3,1,2,0.333,2,2,1,0.667,2,1,1,Unannounced,4.31
777,3,2,1,0.667,1,3,0,1.0,3,2,0,Unannounced,8.53
778,3,0,3,0.0,3,0,3,0.0,3,0,3,Unannounced,-2.05
779,3,1,2,0.333,2,1,2,0.333,2,0,1,Unannounced,1.63
780,3,1,2,0.333,2,2,1,0.667,1,1,1,Unannounced,3.98
781,3,2,1,0.667,2,3,0,1.0,3,2,0,Unannounced,8.31
782,3,1,2,0.333,2,1,2,0.333,2,1,2,Unannounced,0.62
783,3,1,2,0.333,1,2,1,0.667,2,1,1,Unannounced,4.09
784,3,0,3,0.0,3,1,2,0.333,2,0,2,Unannounced,-0.29
785,3,0,3,0.0,3,3,0,1.0,3,0,0,Unannounced,5.68
786,3,2,1,0.667,1,1,2,0.333,2,1,1,Unannounced,3.28
787,3,2,1,0.667,2,2,1,0.667,1,1,0,Unannounced,5.21
788,3,2,1,0.667,2,3,0,1.0,3,2,0,Unannounced,8.31
789,3,2,1,0.667,2,1,2,0.333,1,1,1,Unannounced,2.72
790,3,3,0,1.0,3,2,1,0.667,2,2,0,Unannounced,7.22
791,3,3,0,1.0,3,1,2,0.333,1,1,0,Unannounced,5.03
792,3,0,3,0.0,3,2,1,0.667,1,0,1,Unannounced,2.62
793,3,2,1,0.667,2,2,1,0.667,2,2,1,Unannounced,4.92
794,3,2,1,0.667,2,1,2,0.333,1,1,1,Unannounced,3.39
795,3,2,1,0.667,1,1,2,0.333,2,1,1,Unannounced,3.28
796,3,1,2,0.333,1,1,2,0.333,1,1,2,Unannounced,1.18
797,3,2,1,0.667,1,2,1,0.667,2,1,0,Unannounced,5.66
798,3,0,3,0.0,3,3,0,1.0,3,0,0,Unannounced,5.68
799,3,1,2,0.333,1,2,1,0.667,2,1,1,Unannounced,4.09
800,3,3,0,1.0,3,2,1,0.667,2,2,0,Unannounced,7.67
801,3,2,1,0.667,1,2,1,0.667,1,2,1,Unannounced,5.47
802,3,1,2,0.333,1,1,2,0.333,1,1,2,Unannounced,1.18
803,3,0,3,0.0,3,0,3,0.0,3,0,3,Unannounced,-2.05
804,3,1,2,0.333,2,2,1,0.667,1,1,1,Unannounced,3.53
805,3,2,1,0.667,2,1,2,0.333,2,1,1,Unannounced,2.5
806,3,1,2,0.333,2,2,1,0.667,2,1,1,Unannounced,3.2
807,3,2,1,0.667,1,1,2,0.333,2,1,1,Unannounced,3.28
808,3,0,3,0.0,3,1,2,0.333,1,0,2,Unannounced,0.04
809,3,1,2,0.333,2,2,1,0.667,2,0,0,Unannounced,4.01
810,3,3,0,1.0,3,0,3,0.0,3,0,0,Unannounced,3.58
811,3,2,1,0.667,1,2,1,0.667,2,1,0,Unannounced,5.66
812,3,2,1,0.667,2,2,1,0.667,1,1,0,Unannounced,5.66
813,3,2,1,0.667,2,1,2,0.333,2,1,1,Unannounced,3.61
814,3,1,2,0.333,2,1,2,0.333,2,0,1,Unannounced,1.63
815,3,0,3,0.0,3,2,1,0.667,2,0,1,Unannounced,2.95
816,3,1,2,0.333,2,2,1,0.667,2,1,1,Unannounced,3.2
817,3,1,2,0.333,2,2,1,0.667,1,1,1,Unannounced,3.53
818,3,1,2,0.333,2,1,2,0.333,2,0,1,Unannounced,1.63
819,3,2,1,0.667,1,2,1,0.667,1,2,1,Unannounced,5.47
820,3,1,2,0.333,2,2,1,0.667,1,1,1,Unannounced,3.98
821,3,3,0,1.0,3,2,1,0.667,2,2,0,Unannounced,7.22
822,3,0,3,0.0,3,0,3,0.0,3,0,3,Unannounced,-2.05
823,3,1,2,0.333,1,1,2,0.333,1,1,2,Unannounced,1.18
824,3,1,2,0.333,1,0,3,0.0,3,0,2,Unannounced,-0.27
825,3,0,3,0.0,3,1,2,0.333,1,0,2,Unannounced,0.04
826,3,3,0,1.0,3,2,1,0.667,2,2,0,Unannounced,7.22
827,3,1,2,0.333,1,1,2,0.333,1,1,2,Unannounced,1.18
828,3,0,3,0.0,3,1,2,0.333,2,0,2,Unannounced,0.37
829,3,1,2,0.333,2,3,0,1.0,3,1,0,Unannounced,6.59
830,3,2,1,0.667,2,2,1,0.667,2,2,1,Unannounced,4.92
831,3,0,3,0.0,3,1,2,0.333,2,0,2,Unannounced,-0.29
832,3,1,2,0.333,1,2,1,0.667,2,1,1,Unannounced,3.42
833,3,3,0,1.0,3,2,1,0.667,1,2,0,Unannounced,7.45
834,3,2,1,0.667,1,0,3,0.0,3,0,1,Unannounced,1.6
835,3,2,1,0.667,1,1,2,0.333,2,1,1,Unannounced,2.83
836,3,3,0,1.0,3,1,2,0.333,1,1,0,Unannounced,5.03
837,3,2,1,0.667,2,2,1,0.667,2,1,0,Unannounced,5.44
838,3,2,1,0.667,2,2,1,0.667,2,1,0,Unannounced,5.44
839,3,1,2,0.333,2,1,2,0.333,2,1,2,Unannounced,1.73
840,3,2,1,0.667,1,1,2,0.333,2,1,1,Unannounced,3.28
841,3,2,1,0.667,2,2,1,0.667,2,2,1,Unannounced,6.03
842,3,0,3,0.0,3,0,3,0.0,3,0,3,Unannounced,-2.05
843,3,3,0,1.0,3,1,2,0.333,2,1,0,Unannounced,5.25
844,3,2,1,0.667,2,2,1,0.667,2,1,0,Unannounced,5.44
845,3,1,2,0.333,2,1,2,0.333,2,0,1,Unannounced,1.63
846,3,2,1,0.667,2,3,0,1.0,3,2,0,Unannounced,8.31
847,3,2,1,0.667,2,2,1,0.667,2,2,1,Unannounced,6.03
848,3,1,2,0.333,2,1,2,0.333,2,1,2,Unannounced,0.62
849,3,2,1,0.667,2,1,2,0.333,2,0,0,Unannounced,3.31
850,3,2,1,0.667,1,2,1,0.667,2,1,0,Unannounced,5.21
851,3,1,2,0.333,1,1,2,0.333,1,1,2,Unannounced,1.18
852,3,2,1,0.667,2,2,1,0.667,2,2,1,Unannounced,6.03
853,3,3,0,1.0,3,1,2,0.333,2,1,0,Unannounced,4.8
854,3,2,1,0.667,2,2,1,0.667,1,1,0,Unannounced,5.21
855,3,3,0,1.0,3,2,1,0.667,2,2,0,Unannounced,7.22
856,3,2,1,0.667,1,1,2,0.333,2,1,1,Unannounced,3.28
857,3,0,3,0.0,3,2,1,0.667,2,0,1,Unannounced,2.95
858,3,1,2,0.333,1,1,2,0.333,1,1,2,Unannounced,1.18
859,2,0,2,0.0,2,0,2,0.0,2,0,2,Unannounced,-1.66
860,3,2,1,0.667,2,1,2,0.333,2,1,1,Unannounced,3.61
861,3,3,0,1.0,3,1,2,0.333,2,1,0,Unannounced,4.8
862,3,1,2,0.333,2,2,1,0.667,2,1,1,Unannounced,3.2
863,3,2,1,0.667,1,1,2,0.333,2,1,1,Unannounced,3.28
864,3,0,3,0.0,3,3,0,1.0,3,0,0,Unannounced,5.68
865,3,1,2,0.333,2,1,2,0.333,2,1,2,Unannounced,0.62
866,3,2,1,0.667,2,2,1,0.667,2,2,1,Unannounced,6.03
867,3,3,0,1.0,3,3,0,1.0,3,3,0,Unannounced,10.83
868,3,2,1,0.667,1,2,1,0.667,2,1,0,Unannounced,5.21
869,3,3,0,1.0,3,1,2,0.333,2,1,0,Unannounced,5.25
870,1,0,1,0.0,1,0,1,0.0,1,0,1,Unannounced,-1.15
871,3,1,2,0.333,1,1,2,0.333,2,0,1,Unannounced,1.29
872,3,1,2,0.333,2,1,2,0.333,2,1,2,Unannounced,1.73
873,3,0,3,0.0,3,2,1,0.667,2,0,1,Unannounced,2.28
874,3,1,2,0.333,1,1,2,0.333,2,0,1,Unannounced,1.96
875,3,2,1,0.667,2,2,1,0.667,2,2,1,Unannounced,4.92
876,3,2,1,0.667,2,3,0,1.0,3,2,0,Unannounced,8.76
877,3,1,2,0.333,2,1,2,0.333,2,1,2,Unannounced,1.73
878,3,1,2,0.333,2,1,2,0.333,2,1,2,Unannounced,0.62
879,3,2,1,0.667,2,2,1,0.667,2,2,1,Unannounced,6.03
880,3,2,1,0.667,2,2,1,0.667,2,2,1,Unannounced,4.92
881,3,2,1,0.667,2,3,0,1.0,3,2,0,Unannounced,8.31
882,3,1,2,0.333,2,1,2,0.333,2,1,2,Unannounced,0.62
883,3,0,3,0.0,3,2,1,0.667,2,0,1,Unannounced,2.95
884,3,1,2,0.333,2,1,2,0.333,2,1,2,Unannounced,0.62
885,3,0,3,0.0,3,1,2,0.333,1,0,2,Unannounced,0.04
886,3,0,3,0.0,3,0,3,0.0,3,0,3,Unannounced,-2.05
887,3,0,3,0.0,3,0,3,0.0,3,0,3,Unannounced,-2.05
888,2,1,1,0.5,1,0,2,0.0,2,0,1,Unannounced,0.75
889,2,0,2,0.0,2,1,1,0.5,1,0,1,Unannounced,1.19
890,2,1,1,0.5,1,2,0,1.0,2,1,0,Unannounced,5.9
891,2,2,0,1.0,2,2,0,1.0,2,2,0,Unannounced,8.57
892,2,2,0,1.0,2,2,0,1.0,2,2,0,Unannounced,8.57
893,2,1,1,0.5,1,1,1,0.5,1,1,1,Unannounced,2.87
894,2,1,1,0.5,1,0,2,0.0,2,0,1,Unannounced,0.37
895,2,2,0,1.0,2,2,0,1.0,2,2,0,Unannounced,8.57
896,2,1,1,0.5,1,1,1,0.5,1,0,0,Unannounced,2.89
897,2,1,1,0.5,1,1,1,0.5,1,1,1,Unannounced,2.87
898,2,0,2,0.0,2,0,2,0.0,2,0,2,Unannounced,-1.66
899,2,1,1,0.5,1,1,1,0.5,1,1,1,Unannounced,2.87
900,2,2,0,1.0,2,2,0,1.0,2,2,0,Unannounced,8.57
901,2,1,1,0.5,1,1,1,0.5,1,1,1,Unannounced,2.23
902,2,2,0,1.0,2,2,0,1.0,2,2,0,Unannounced,8.57
903,2,2,0,1.0,2,1,1,0.5,1,1,0,Unannounced,4.81
904,2,1,1,0.5,1,1,1,0.5,1,1,1,Unannounced,2.23
905,2,1,1,0.5,1,1,1,0.5,1,1,1,Unannounced,2.23
906,2,1,1,0.5,1,1,1,0.5,1,1,1,Unannounced,2.87
907,2,1,1,0.5,1,1,1,0.5,1,1,1,Unannounced,2.87
908,2,1,1,0.5,1,1,1,0.5,1,1,1,Unannounced,2.87
909,2,1,1,0.5,1,1,1,0.5,1,1,1,Unannounced,2.87
910,2,0,2,0.0,2,0,2,0.0,2,0,2,Unannounced,-1.66
911,2,1,1,0.5,1,0,2,0.0,2,0,1,Unannounced,0.75
912,2,1,1,0.5,1,2,0,1.0,2,1,0,Unannounced,5.9
913,2,0,2,0.0,2,2,0,1.0,2,0,0,Unannounced,4.48
914,2,1,1,0.5,1,1,1,0.5,1,1,1,Unannounced,2.23
915,2,0,2,0.0,2,0,2,0.0,2,0,2,Unannounced,-1.66
916,2,1,1,0.5,1,1,1,0.5,1,0,0,Unannounced,2.89
917,2,2,0,1.0,2,2,0,1.0,2,2,0,Unannounced,8.57
918,2,0,2,0.0,2,1,1,0.5,1,0,1,Unannounced,1.19
919,2,1,1,0.5,1,2,0,1.0,2,1,0,Unannounced,5.9
920,2,1,1,0.5,1,0,2,0.0,2,0,1,Unannounced,0.75
921,2,1,1,0.5,1,0,2,0.0,2,0,1,Unannounced,0.37
922,2,2,0,1.0,2,1,1,0.5,1,1,0,Unannounced,4.81
923,2,2,0,1.0,2,1,1,0.5,1,1,0,Unannounced,4.81
924,2,2,0,1.0,2,2,0,1.0,2,2,0,Unannounced,8.57
925,2,1,1,0.5,1,1,1,0.5,1,1,1,Unannounced,2.87
926,2,0,2,0.0,2,0,2,0.0,2,0,2,Unannounced,-1.66
927,2,1,1,0.5,1,0,2,0.0,2,0,1,Unannounced,0.37
928,2,1,1,0.5,1,0,2,0.0,2,0,1,Unannounced,0.37
929,2,0,2,0.0,2,1,1,0.5,1,0,1,Unannounced,1.19
930,2,0,2,0.0,2,1,1,0.5,1,0,1,Unannounced,0.8
931,2,2,0,1.0,2,1,1,0.5,1,1,0,Unannounced,4.81
932,2,1,1,0.5,1,1,1,0.5,1,1,1,Unannounced,2.87
933,2,1,1,0.5,1,1,1,0.5,1,1,1,Unannounced,2.23
934,2,0,2,0.0,2,1,1,0.5,1,0,1,Unannounced,0.8
935,2,1,1,0.5,1,2,0,1.0,2,1,0,Unannounced,6.16
936,2,1,1,0.5,1,0,2,0.0,2,0,1,Unannounced,0.75
937,2,2,0,1.0,2,2,0,1.0,2,2,0,Unannounced,8.57
938,2,1,1,0.5,1,0,2,0.0,2,0,1,Unannounced,0.37
939,2,1,1,0.5,1,2,0,1.0,2,1,0,Unannounced,6.16
940,2,2,0,1.0,2,2,0,1.0,2,2,0,Unannounced,8.57
941,2,2,0,1.0,2,1,1,0.5,1,1,0,Unannounced,4.81
942,2,2,0,1.0,2,1,1,0.5,1,1,0,Unannounced,4.81
943,2,2,0,1.0,2,1,1,0.5,1,1,0,Unannounced,5.06
944,2,1,1,0.5,1,1,1,0.5,1,1,1,Unannounced,2.23
945,2,1,1,0.5,1,0,2,0.0,2,0,1,Unannounced,0.75
946,2,0,2,0.0,2,0,2,0.0,2,0,2,Unannounced,-1.66
947,2,0,2,0.0,2,0,2,0.0,2,0,2,Unannounced,-1.66
948,2,2,0,1.0,2,0,2,0.0,2,0,0,Unannounced,2.95
949,2,2,0,1.0,2,2,0,1.0,2,2,0,Unannounced,8.57
950,2,2,0,1.0,2,2,0,1.0,2,2,0,Unannounced,8.57
951,2,0,2,0.0,2,0,2,0.0,2,0,2,Unannounced,-1.66
952,2,2,0,1.0,2,1,1,0.5,1,1,0,Unannounced,5.06
953,2,1,1,0.5,1,1,1,0.5,1,1,1,Unannounced,2.87
954,2,1,1,0.5,1,1,1,0.5,1,0,0,Unannounced,2.89
955,2,0,2,0.0,2,1,1,0.5,1,0,1,Unannounced,1.19
956,2,0,2,0.0,2,0,2,0.0,2,0,2,Unannounced,-1.66
957,2,2,0,1.0,2,1,1,0.5,1,1,0,Unannounced,4.81
958,2,1,1,0.5,1,0,2,0.0,2,0,1,Unannounced,0.75
959,2,2,0,1.0,2,2,0,1.0,2,2,0,Unannounced,8.57
960,2,1,1,0.5,1,2,0,1.0,2,1,0,Unannounced,5.9
961,2,2,0,1.0,2,1,1,0.5,1,1,0,Unannounced,4.81
962,2,2,0,1.0,2,2,0,1.0,2,2,0,Unannounced,8.57
963,2,1,1,0.5,1,1,1,0.5,1,1,1,Unannounced,2.87
964,2,0,2,0.0,2,0,2,0.0,2,0,2,Unannounced,-1.66
965,2,1,1,0.5,1,2,0,1.0,2,1,0,Unannounced,5.9
966,2,1,1,0.5,1,1,1,0.5,1,1,1,Unannounced,2.87
967,2,0,2,0.0,2,0,2,0.0,2,0,2,Unannounced,-1.66
968,2,2,0,1.0,2,2,0,1.0,2,2,0,Unannounced,8.57
969,2,1,1,0.5,1,2,0,1.0,2,1,0,Unannounced,5.9
970,2,1,1,0.5,1,2,0,1.0,2,1,0,Unannounced,5.9
971,2,1,1,0.5,1,1,1,0.5,1,1,1,Unannounced,2.23
972,2,2,0,1.0,2,2,0,1.0,2,2,0,Unannounced,8.57
973,2,2,0,1.0,2,2,0,1.0,2,2,0,Unannounced,8.57
974,2,1,1,0.5,1,1,1,0.5,1,1,1,Unannounced,2.23
975,2,0,2,0.0,2,1,1,0.5,1,0,1,Unannounced,1.19
976,2,2,0,1.0,2,2,0,1.0,2,2,0,Unannounced,8.57
977,2,0,2,0.0,2,2,0,1.0,2,0,0,Unannounced,4.48
978,2,1,1,0.5,1,1,1,0.5,1,1,1,Unannounced,2.23
979,2,2,0,1.0,2,2,0,1.0,2,2,0,Unannounced,8.57
980,2,0,2,0.0,2,1,1,0.5,1,0,1,Unannounced,0.8
981,2,1,1,0.5,1,1,1,0.5,1,1,1,Unannounced,2.87
982,2,1,1,0.5,1,2,0,1.0,2,1,0,Unannounced,5.9
983,2,1,1,0.5,1,1,1,0.5,1,1,1,Unannounced,2.87
984,2,0,2,0.0,2,1,1,0.5,1,0,1,Unannounced,0.8
985,2,0,2,0.0,2,0,2,0.0,2,0,2,Unannounced,-1.66
986,2,1,1,0.5,1,1,1,0.5,1,1,1,Unannounced,2.23
987,2,0,2,0.0,2,0,2,0.0,2,0,2,Unannounced,-1.66
988,2,1,1,0.5,1,2,0,1.0,2,1,0,Unannounced,5.9
989,2,0,2,0.0,2,1,1,0.5,1,0,1,Unannounced,1.19
990,2,1,1,0.5,1,0,2,0.0,2,0,1,Unannounced,0.75
991,2,1,1,0.5,1,0,2,0.0,2,0,1,Unannounced,0.37
992,2,0,2,0.0,2,0,2,0.0,2,0,2,Unannounced,-1.66
993,2,0,2,0.0,2,0,2,0.0,2,0,2,Unannounced,-1.66
994,2,0,2,0.0,2,1,1,0.5,1,0,1,Unannounced,1.19
995,2,2,0,1.0,2,1,1,0.5,1,1,0,Unannounced,5.06
996,2,1,1,0.5,1,0,2,0.0,2,0,1,Unannounced,0.75
997,2,1,1,0.5,1,1,1,0.5,1,1,1,Unannounced,2.87
998,2,0,2,0.0,2,0,2,0.0,2,0,2,Unannounced,-1.66
999,2,2,0,1.0,2,1,1,0.5,1,1,0,Unannounced,5.06
1000,2,2,0,1.0,2,1,1,0.5,1,1,0,Unannounced,4.81
1001,2,0,2,0.0,2,1,1,0.5,1,0,1,Unannounced,1.19
1002,2,2,0,1.0,2,2,0,1.0,2,2,0,Unannounced,8.57
1003,2,1,1,0.5,1,1,1,0.5,1,1,1,Unannounced,2.23
1004,2,1,1,0.5,1,1,1,0.5,1,1,1,Unannounced,2.87
1005,2,0,2,0.0,2,1,1,0.5,1,0,1,Unannounced,1.19
1006,2,1,1,0.5,1,0,2,0.0,2,0,1,Unannounced,0.37
1007,2,1,1,0.5,1,1,1,0.5,1,0,0,Unannounced,2.89
1008,2,1,1,0.5,1,0,2,0.0,2,0,1,Unannounced,0.75
1009,2,1,1,0.5,1,1,1,0.5,1,0,0,Unannounced,2.89
1010,2,1,1,0.5,1,0,2,0.0,2,0,1,Unannounced,0.75
1011,2,1,1,0.5,1,2,0,1.0,2,1,0,Unannounced,5.9
1012,2,0,2,0.0,2,0,2,0.0,2,0,2,Unannounced,-1.66
1013,2,2,0,1.0,2,2,0,1.0,2,2,0,Unannounced,8.57
1014,2,1,1,0.5,1,1,1,0.5,1,1,1,Unannounced,2.87
1015,2,2,0,1.0,2,1,1,0.5,1,1,0,Unannounced,4.81
1016,2,2,0,1.0,2,1,1,0.5,1,1,0,Unannounced,4.81
1017,2,0,2,0.0,2,2,0,1.0,2,0,0,Unannounced,4.48
1018,2,1,1,0.5,1,1,1,0.5,1,0,0,Unannounced,2.89
1019,2,1,1,0.5,1,1,1,0.5,1,1,1,Unannounced,2.23
1020,2,2,0,1.0,2,1,1,0.5,1,1,0,Unannounced,4.81
1021,2,1,1,0.5,1,1,1,0.5,1,0,0,Unannounced,2.89
1022,2,0,2,0.0,2,1,1,0.5,1,0,1,Unannounced,0.8
1023,2,1,1,0.5,1,2,0,1.0,2,1,0,Unannounced,5.9
1024,2,1,1,0.5,1,1,1,0.5,1,1,1,Unannounced,2.23
1025,2,1,1,0.5,1,0,2,0.0,2,0,1,Unannounced,0.75
1026,2,0,2,0.0,2,0,2,0.0,2,0,2,Unannounced,-1.66
1027,2,2,0,1.0,2,0,2,0.0,2,0,0,Unannounced,2.95
1028,2,1,1,0.5,1,1,1,0.5,1,0,0,Unannounced,2.89
1029,2,0,2,0.0,2,0,2,0.0,2,0,2,Unannounced,-1.66
1030,2,1,1,0.5,1,1,1,0.5,1,1,1,Unannounced,2.87
1031,2,0,2,0.0,2,2,0,1.0,2,0,0,Unannounced,4.48
1032,2,1,1,0.5,1,0,2,0.0,2,0,1,Unannounced,0.75
1033,2,0,2,0.0,2,0,2,0.0,2,0,2,Unannounced,-1.66
1034,2,2,0,1.0,2,1,1,0.5,1,1,0,Unannounced,4.81
1035,2,2,0,1.0,2,2,0,1.0,2,2,0,Unannounced,8.57
1036,2,1,1,0.5,1,1,1,0.5,1,1,1,Unannounced,2.23
1037,2,1,1,0.5,1,2,0,1.0,2,1,0,Unannounced,5.9
1038,2,2,0,1.0,2,2,0,1.0,2,2,0,Unannounced,8.57
1039,2,2,0,1.0,2,1,1,0.5,1,1,0,Unannounced,4.81
1040,2,1,1,0.5,1,1,1,0.5,1,1,1,Unannounced,2.87
1041,2,1,1,0.5,1,2,0,1.0,2,1,0,Unannounced,5.9
1042,2,0,2,0.0,2,1,1,0.5,1,0,1,Unannounced,1.19
1043,2,0,2,0.0,2,1,1,0.5,1,0,1,Unannounced,1.19
1044,2,1,1,0.5,1,1,1,0.5,1,0,0,Unannounced,2.89
1045,1,0,1,0.0,1,1,0,1.0,1,0,0,Unannounced,2.92
1046,2,1,1,0.5,1,1,1,0.5,1,1,1,Unannounced,2.87
1047,2,2,0,1.0,2,1,1,0.5,1,1,0,Unannounced,5.06
1048,2,0,2,0.0,2,1,1,0.5,1,0,1,Unannounced,1.19
1049,1,1,0,1.0,1,0,1,0.0,1,0,0,Unannounced,2.11
1050,1,1,0,1.0,1,0,1,0.0,1,0,0,Unannounced,2.11
1051,1,0,1,0.0,1,0,1,0.0,1,0,1,Unannounced,-1.15
1052,1,0,1,0.0,1,1,0,1.0,1,0,0,Unannounced,2.92
1053,1,0,1,0.0,1,0,1,0.0,1,0,1,Unannounced,-1.15
1054,1,0,1,0.0,1,1,0,1.0,1,0,0,Unannounced,2.92
1055,1,0,1,0.0,1,0,1,0.0,1,0,1,Unannounced,-1.15
1056,1,1,0,1.0,1,1,0,1.0,1,1,0,Unannounced,5.63
1057,1,0,1,0.0,1,0,1,0.0,1,0,1,Unannounced,-1.15
1058,1,1,0,1.0,1,0,1,0.0,1,0,0,Unannounced,2.11
1059,1,1,0,1.0,1,0,1,0.0,1,0,0,Unannounced,2.11
1060,1,0,1,0.0,1,0,1,0.0,1,0,1,Unannounced,-1.15
1061,1,0,1,0.0,1,1,0,1.0,1,0,0,Unannounced,2.92
1062,1,1,0,1.0,1,1,0,1.0,1,1,0,Unannounced,5.63
1063,1,0,1,0.0,1,1,0,1.0,1,0,0,Unannounced,2.92
1064,1,1,0,1.0,1,0,1,0.0,1,0,0,Unannounced,2.11
1065,1,0,1,0.0,1,1,0,1.0,1,0,0,Unannounced,2.92
1066,1,1,0,1.0,1,0,1,0.0,1,0,0,Unannounced,2.11
1067,1,1,0,1.0,1,1,0,1.0,1,1,0,Unannounced,5.63
1068,1,1,0,1.0,1,1,0,1.0,1,1,0,Unannounced,5.63
1069,1,1,0,1.0,1,0,1,0.0,1,0,0,Unannounced,2.11
1070,1,0,1,0.0,1,0,1,0.0,1,0,1,Unannounced,-1.15
1071,1,0,1,0.0,1,0,1,0.0,1,0,1,Unannounced,-1.15
1072,1,0,1,0.0,1,1,0,1.0,1,0,0,Unannounced,2.92
1073,1,0,1,0.0,1,0,1,0.0,1,0,1,Unannounced,-1.15
1074,1,0,1,0.0,1,1,0,1.0,1,0,0,Unannounced,2.92
1075,1,1,0,1.0,1,1,0,1.0,1,1,0,Unannounced,5.63
1076,1,0,1,0.0,1,0,1,0.0,1,0,1,Unannounced,-1.15
1077,1,1,0,1.0,1,1,0,1.0,1,1,0,Unannounced,5.63
1078,1,1,0,1.0,1,1,0,1.0,1,1,0,Unannounced,5.63
1079,1,1,0,1.0,1,1,0,1.0,1,1,0,Unannounced,5.63
1080,1,0,1,0.0,1,0,1,0.0,1,0,1,Unannounced,-1.15
1081,1,1,0,1.0,1,1,0,1.0,1,1,0,Unannounced,5.63
1082,1,1,0,1.0,1,0,1,0.0,1,0,0,Unannounced,2.11
1083,1,1,0,1.0,1,1,0,1.0,1,1,0,Unannounced,5.63
1084,1,1,0,1.0,1,1,0,1.0,1,1,0,Unannounced,5.63
1085,1,1,0,1.0,1,1,0,1.0,1,1,0,Unannounced,5.63
1086,1,0,1,0.0,1,0,1,0.0,1,0,1,Unannounced,-1.15
1087,1,1,0,1.0,1,1,0,1.0,1,1,0,Unannounced,5.63
1088,1,0,1,0.0,1,0,1,0.0,1,0,1,Unannounced,-1.15
1089,1,0,1,0.0,1,0,1,0.0,1,0,1,Unannounced,-1.15
1090,1,1,0,1.0,1,0,1,0.0,1,0,0,Unannounced,2.11
1091,1,1,0,1.0,1,1,0,1.0,1,1,0,Unannounced,5.63
1092,1,0,1,0.0,1,0,1,0.0,1,0,1,Unannounced,-1.15
1093,1,1,0,1.0,1,1,0,1.0,1,1,0,Unannounced,5.63
1094,1,1,0,1.0,1,1,0,1.0,1,1,0,Unannounced,5.63
1095,1,1,0,1.0,1,1,0,1.0,1,1,0,Unannounced,5.63
1096,1,0,1,0.0,1,1,0,1.0,1,0,0,Unannounced,2.92
1097,1,0,1,0.0,1,0,1,0.0,1,0,1,Unannounced,-1.15
1098,1,0,1,0.0,1,0,1,0.0,1,0,1,Unannounced,-1.15
1099,1,1,0,1.0,1,1,0,1.0,1,1,0,Unannounced,5.63
1100,1,1,0,1.0,1,1,0,1.0,1,1,0,Unannounced,5.63
1101,1,1,0,1.0,1,1,0,1.0,1,1,0,Unannounced,5.63
1102,1,0,1,0.0,1,0,1,0.0,1,0,1,Unannounced,-1.15
1103,1,0,1,0.0,1,0,1,0.0,1,0,1,Unannounced,-1.15
1104,1,1,0,1.0,1,1,0,1.0,1,1,0,Unannounced,5.63
1105,1,1,0,1.0,1,1,0,1.0,1,1,0,Unannounced,5.63
1106,1,0,1,0.0,1,0,1,0.0,1,0,1,Unannounced,-1.15
1107,1,1,0,1.0,1,1,0,1.0,1,1,0,Unannounced,5.63
1108,1,0,1,0.0,1,0,1,0.0,1,0,1,Unannounced,-1.15
1109,1,0,1,0.0,1,0,1,0.0,1,0,1,Unannounced,-1.15
1110,1,1,0,1.0,1,1,0,1.0,1,1,0,Unannounced,5.63
1111,1,1,0,1.0,1,1,0,1.0,1,1,0,Unannounced,5.63
1112,1,0,1,0.0,1,0,1,0.0,1,0,1,Unannounced,-1.15
1113,1,0,1,0.0,1,0,1,0.0,1,0,1,Unannounced,-1.15
1114,1,0,1,0.0,1,0,1,0.0,1,0,1,Unannounced,-1.15
1115,1,0,1,0.0,1,0,1,0.0,1,0,1,Unannounced,-1.15
1116,1,1,0,1.0,1,1,0,1.0,1,1,0,Unannounced,5.63
1117,0,0,0,0.0,0,0,0,0.0,0,0,0,Unannounced,0.0
1118,1,1,0,1.0,1,1,0,1.0,1,1,0,Unannounced,5.63
1119,1,1,0,1.0,1,1,0,1.0,1,1,0,Unannounced,5.63
1120,1,0,1,0.0,1,0,1,0.0,1,0,1,Unannounced,-1.15
1121,1,0,1,0.0,1,0,1,0.0,1,0,1,Unannounced,-1.15
1122,1,0,1,0.0,1,0,1,0.0,1,0,1,Unannounced,-1.15
1123,1,1,0,1.0,1,1,0,1.0,1,1,0,Unannounced,5.63
1124,1,0,1,0.0,1,0,1,0.0,1,0,1,Unannounced,-1.15
1125,1,1,0,1.0,1,0,1,0.0,1,0,0,Unannounced,2.11
1126,1,0,1,0.0,1,1,0,1.0,1,0,0,Unannounced,2.92
1127,1,0,1,0.0,1,0,1,0.0,1,0,1,Unannounced,-1.15
1128,1,1,0,1.0,1,1,0,1.0,1,1,0,Unannounced,5.63
1129,1,1,0,1.0,1,0,1,0.0,1,0,0,Unannounced,2.11
1130,1,0,1,0.0,1,1,0,1.0,1,0,0,Unannounced,2.92
1131,1,1,0,1.0,1,0,1,0.0,1,0,0,Unannounced,2.11
1132,1,1,0,1.0,1,1,0,1.0,1,1,0,Unannounced,5.63
1133,1,0,1,0.0,1,0,1,0.0,1,0,1,Unannounced,-1.15
1134,1,1,0,1.0,1,0,1,0.0,1,0,0,Unannounced,2.11
1135,1,1,0,1.0,1,1,0,1.0,1,1,0,Unannounced,5.63
1136,1,0,1,0.0,1,1,0,1.0,1,0,0,Unannounced,2.92
1137,1,0,1,0.0,1,1,0,1.0,1,0,0,Unannounced,2.92
1138,1,1,0,1.0,1,1,0,1.0,1,1,0,Unannounced,5.63
1139,1,0,1,0.0,1,0,1,0.0,1,0,1,Unannounced,-1.15
1140,1,0,1,0.0,1,1,0,1.0,1,0,0,Unannounced,2.92
1141,1,0,1,0.0,1,0,1,0.0,1,0,1,Unannounced,-1.15
1142,1,0,1,0.0,1,1,0,1.0,1,0,0,Unannounced,2.92
1143,1,0,1,0.0,1,0,1,0.0,1,0,1,Unannounced,-1.15
1144,1,1,0,1.0,1,1,0,1.0,1,1,0,Unannounced,5.63
1145,1,1,0,1.0,1,1,0,1.0,1,1,0,Unannounced,5.63
1146,1,0,1,0.0,1,0,1,0.0,1,0,1,Unannounced,-1.15
1147,1,0,1,0.0,1,1,0,1.0,1,0,0,Unannounced,2.92
1148,1,0,1,0.0,1,0,1,0.0,1,0,1,Unannounced,-1.15
1149,1,1,0,1.0,1,1,0,1.0,1,1,0,Unannounced,5.63
1150,1,1,0,1.0,1,0,1,0.0,1,0,0,Unannounced,2.11
1151,1,1,0,1.0,1,0,1,0.0,1,0,0,Unannounced,2.11
1152,1,0,1,0.0,1,0,1,0.0,1,0,1,Unannounced,-1.15
1153,1,1,0,1.0,1,0,1,0.0,1,0,0,Unannounced,2.11
1154,1,1,0,1.0,1,0,1,0.0,1,0,0,Unannounced,2.11
1155,1,1,0,1.0,1,1,0,1.0,1,1,0,Unannounced,5.63
1156,1,0,1,0.0,1,1,0,1.0,1,0,0,Unannounced,2.92
1157,1,0,1,0.0,1,1,0,1.0,1,0,0,Unannounced,2.92
1158,1,1,0,1.0,1,0,1,0.0,1,0,0,Unannounced,2.11
1159,1,1,0,1.0,1,0,1,0.0,1,0,0,Unannounced,2.11
1160,1,0,1,0.0,1,1,0,1.0,1,0,0,Unannounced,2.92
1161,1,1,0,1.0,1,0,1,0.0,1,0,0,Unannounced,2.11
1162,1,0,1,0.0,1,1,0,1.0,1,0,0,Unannounced,2.92
1163,1,1,0,1.0,1,1,0,1.0,1,1,0,Unannounced,5.63
1164,1,1,0,1.0,1,0,1,0.0,1,0,0,Unannounced,2.11
1165,1,1,0,1.0,1,0,1,0.0,1,0,0,Unannounced,2.11
1166,1,1,0,1.0,1,0,1,0.0,1,0,0,Unannounced,2.11
1167,1,1,0,1.0,1,1,0,1.0,1,1,0,Unannounced,5.63
1168,1,0,1,0.0,1,1,0,1.0,1,0,0,Unannounced,2.92
1169,1,1,0,1.0,1,1,0,1.0,1,1,0,Unannounced,5.63
1170,1,1,0,1.0,1,1,0,1.0,1,1,0,Unannounced,5.63
1171,1,0,1,0.0,1,0,1,0.0,1,0,1,Unannounced,-1.15
1172,1,0,1,0.0,1,0,1,0.0,1,0,1,Unannounced,-1.15
1173,1,0,1,0.0,1,1,0,1.0,1,0,0,Unannounced,2.92
1174,1,1,0,1.0,1,0,1,0.0,1,0,0,Unannounced,2.11
1175,1,0,1,0.0,1,1,0,1.0,1,0,0,Unannounced,2.92
1176,1,0,1,0.0,1,0,1,0.0,1,0,1,Unannounced,-1.15
1177,1,0,1,0.0,1,1,0,1.0,1,0,0,Unannounced,2.92
1178,1,0,1,0.0,1,1,0,1.0,1,0,0,Unannounced,2.92
1179,1,0,1,0.0,1,1,0,1.0,1,0,0,Unannounced,2.92
1180,1,1,0,1.0,1,1,0,1.0,1,1,0,Unannounced,5.63
1181,1,0,1,0.0,1,0,1,0.0,1,0,1,Unannounced,-1.15
1182,1,1,0,1.0,1,1,0,1.0,1,1,0,Unannounced,5.63
1183,1,0,1,0.0,1,0,1,0.0,1,0,1,Unannounced,-1.15
1184,1,1,0,1.0,1,0,1,0.0,1,0,0,Unannounced,2.11
1185,1,0,1,0.0,1,1,0,1.0,1,0,0,Unannounced,2.92
1186,1,0,1,0.0,1,1,0,1.0,1,0,0,Unannounced,2.92
1187,1,1,0,1.0,1,0,1,0.0,1,0,0,Unannounced,2.11
1188,1,1,0,1.0,1,0,1,0.0,1,0,0,Unannounced,2.11
1189,1,0,1,0.0,1,0,1,0.0,1,0,1,Unannounced,-1.15
1190,1,1,0,1.0,1,0,1,0.0,1,0,0,Unannounced,2.11
