,Transfer #1,"Sep 15, 2025",Transfer #2,"Nov 10, 2025",Transfer #3,"Jan 5, 2026",Transfer #4,"Jan 5, 2026"
Kingdom,Group,Status,Group,Status,Group,Status,Group,Leading
1,1,Ordinary,1,Ordinary,1,Ordinary,1,Ordinary
2,1,Ordinary,1,Ordinary,1,Ordinary,1,Ordinary
3,1,Leading,1,Leading,1,Leading,1,Leading
4,1,Leading,1,Ordinary,1,Ordinary,1,Ordinary
5,1,Ordinary,1,Ordinary,1,Ordinary,1,Ordinary
6,1,Ordinary,1,Leading,1,Ordinary,1,Ordinary
7,1,Ordinary,1,Ordinary,2,Ordinary,1,Ordinary
8,1,Ordinary,1,Ordinary,2,Ordinary,1,Ordinary
9,1,Ordinary,1,Ordinary,2,Ordinary,1,Ordinary
10,1,Ordinary,1,Ordinary,2,Ordinary,1,Ordinary
11,1,Ordinary,1,Ordinary,2,Ordinary,1,Ordinary
12,1,Ordinary,1,Leading,2,Leading,1,Leading
13,1,Leading,1,Ordinary,2,Ordinary,1,Ordinary
14,1,Ordinary,1,Ordinary,2,Ordinary,1,Ordinary
15,1,Ordinary,1,Ordinary,2,Ordinary,1,Ordinary
16,1,Ordinary,1,Ordinary,2,Ordinary,1,Ordinary
17,1,Ordinary,1,Ordinary,2,Ordinary,1,Ordinary
18,1,Ordinary,1,Ordinary,2,Ordinary,1,Ordinary
19,1,Ordinary,1,Ordinary,2,Ordinary,1,Ordinary
20,1,Ordinary,1,Ordinary,2,Ordinary,1,Ordinary
21,1,Ordinary,1,Ordinary,2,Ordinary,1,Ordinary
22,1,Ordinary,1,Ordinary,2,Ordinary,1,Ordinary
23,1,Ordinary,1,Ordinary,2,Ordinary,1,Ordinary
24,1,Ordinary,1,Leading,2,Ordinary,1,Ordinary
25,1,Ordinary,1,Ordinary,2,Ordinary,1,Ordinary
26,2,Ordinary,1,Ordinary,2,Ordinary,2,Ordinary
27,2,Ordinary,1,Ordinary,2,Ordinary,2,Ordinary
28,2,Ordinary,1,Ordinary,2,Ordinary,2,Ordinary
29,2,Ordinary,1,Ordinary,2,Ordinary,2,Ordinary
30,2,Ordinary,1,Ordinary,2,Ordinary,2,Ordinary
31,2,Ordinary,1,Ordinary,2,Ordinary,2,Ordinary
32,2,Ordinary,1,Ordinary,2,Ordinary,2,Ordinary
33,2,Ordinary,1,Ordinary,2,Ordinary,2,Ordinary
34,2,Ordinary,1,Ordinary,2,Ordinary,2,Ordinary
35,2,Ordinary,1,Ordinary,2,Ordinary,2,Ordinary
36,2,Ordinary,1,Leading,2,Ordinary,2,Ordinary
37,2,Ordinary,1,Ordinary,2,Ordinary,2,Ordinary
38,2,Ordinary,1,Ordinary,2,Ordinary,2,Ordinary
39,2,Ordinary,1,Ordinary,2,Ordinary,2,Ordinary
40,2,Ordinary,1,Ordinary,2,Ordinary,2,Ordinary
41,2,Ordinary,1,Ordinary,2,Ordinary,2,Ordinary
42,2,Ordinary,1,Ordinary,2,Ordinary,2,Ordinary
43,2,Ordinary,1,Ordinary,2,Ordinary,2,Ordinary
44,2,Leading,1,Ordinary,2,Ordinary,2,Ordinary
45,2,Leading,1,Leading,2,Leading,2,Leading
46,2,Ordinary,1,Ordinary,2,Ordinary,2,Ordinary
47,2,Ordinary,1,Ordinary,2,Ordinary,2,Ordinary
48,2,Ordinary,1,Ordinary,2,Ordinary,2,Ordinary
49,2,Ordinary,1,Ordinary,2,Ordinary,2,Ordinary
50,2,Ordinary,1,Ordinary,2,Ordinary,2,Ordinary
51,2,Ordinary,1,Ordinary,2,Ordinary,2,Ordinary
52,2,Ordinary,1,Ordinary,2,Ordinary,2,Ordinary
53,2,Ordinary,1,Ordinary,2,Ordinary,2,Ordinary
54,2,Ordinary,1,Ordinary,2,Ordinary,2,Ordinary
55,2,Ordinary,1,Ordinary,2,Ordinary,2,Ordinary
56,2,Ordinary,1,Ordinary,2,Ordinary,2,Ordinary
57,2,Leading,1,Ordinary,2,Leading,2,Leading
58,2,Ordinary,1,Ordinary,2,Ordinary,2,Ordinary
59,2,Leading,1,Ordinary,2,Ordinary,2,Leading
60,2,Ordinary,1,Ordinary,2,Ordinary,2,Ordinary
61,2,Ordinary,1,Leading,2,Ordinary,2,Ordinary
62,2,Ordinary,1,Ordinary,2,Leading,2,Ordinary
63,2,Ordinary,1,Ordinary,2,Ordinary,2,Ordinary
64,2,Ordinary,1,Ordinary,2,Ordinary,2,Ordinary
65,2,Ordinary,1,Ordinary,2,Ordinary,2,Ordinary
66,2,Leading,1,Ordinary,2,Ordinary,2,Ordinary
67,2,Ordinary,1,Ordinary,2,Ordinary,2,Ordinary
68,3,Ordinary,1,Ordinary,2,Ordinary,2,Ordinary
69,3,Ordinary,1,Ordinary,2,Ordinary,2,Ordinary
70,3,Ordinary,1,Ordinary,2,Ordinary,2,Ordinary
71,3,Ordinary,1,Ordinary,2,Ordinary,2,Ordinary
72,3,Ordinary,1,Ordinary,2,Ordinary,2,Ordinary
73,3,Ordinary,1,Ordinary,2,Ordinary,2,Ordinary
74,3,Ordinary,1,Ordinary,2,Ordinary,2,Ordinary
75,3,Ordinary,1,Ordinary,2,Ordinary,2,Ordinary
76,3,Ordinary,1,Ordinary,2,Ordinary,2,Ordinary
77,3,Ordinary,1,Ordinary,2,Ordinary,2,Ordinary
78,3,Ordinary,1,Ordinary,2,Ordinary,2,Ordinary
79,3,Ordinary,1,Ordinary,2,Ordinary,2,Ordinary
80,3,Leading,1,Ordinary,2,Ordinary,2,Ordinary
81,3,Ordinary,1,Ordinary,2,Ordinary,2,Ordinary
82,3,Ordinary,1,Ordinary,2,Ordinary,2,Ordinary
83,3,Ordinary,1,Ordinary,2,Ordinary,2,Ordinary
84,3,Ordinary,1,Ordinary,2,Ordinary,2,Ordinary
85,3,Ordinary,1,Ordinary,2,Ordinary,2,Ordinary
86,3,Leading,1,Ordinary,2,Leading,2,Leading
87,3,Leading,1,Ordinary,2,Ordinary,2,Ordinary
88,3,Ordinary,1,Ordinary,2,Ordinary,2,Leading
89,3,Ordinary,1,Ordinary,2,Ordinary,2,Ordinary
90,3,Leading,1,Leading,2,Leading,2,Leading
91,3,Ordinary,1,Ordinary,2,Ordinary,2,Ordinary
92,3,Leading,1,Ordinary,2,Leading,2,Leading
93,3,Leading,1,Ordinary,2,Ordinary,2,Ordinary
94,3,Leading,1,Ordinary,2,Ordinary,2,Ordinary
95,3,Leading,1,Ordinary,2,Ordinary,2,Ordinary
96,3,Ordinary,1,Ordinary,2,Ordinary,2,Ordinary
97,3,Ordinary,1,Ordinary,2,Ordinary,2,Ordinary
98,3,Ordinary,1,Ordinary,2,Ordinary,2,Ordinary
99,3,Ordinary,1,Ordinary,2,Ordinary,2,Ordinary
100,3,Ordinary,1,Ordinary,2,Ordinary,2,Ordinary
101,3,Ordinary,1,Ordinary,2,Ordinary,2,Ordinary
102,3,Ordinary,1,Ordinary,2,Ordinary,2,Ordinary
103,3,Ordinary,1,Ordinary,2,Ordinary,2,Ordinary
104,3,Ordinary,1,Ordinary,2,Ordinary,2,Ordinary
105,3,Ordinary,1,Ordinary,2,Ordinary,2,Ordinary
106,3,Ordinary,1,Ordinary,2,Ordinary,2,Ordinary
107,3,Leading,1,Ordinary,2,Ordinary,2,Ordinary
108,3,Ordinary,1,Ordinary,2,Ordinary,2,Ordinary
109,3,Ordinary,1,Ordinary,2,Leading,2,Ordinary
110,3,Ordinary,1,Ordinary,2,Ordinary,2,Ordinary
111,3,Ordinary,1,Ordinary,2,Ordinary,2,Ordinary
112,3,Ordinary,1,Ordinary,2,Ordinary,2,Leading
113,3,Ordinary,1,Ordinary,2,Ordinary,2,Ordinary
114,3,Leading,1,Ordinary,2,Ordinary,2,Ordinary
115,3,Ordinary,1,Ordinary,2,Ordinary,2,Ordinary
116,3,Ordinary,2,Leading,3,Leading,2,Ordinary
117,3,Ordinary,2,Ordinary,3,Ordinary,2,Ordinary
118,3,Ordinary,2,Ordinary,3,Ordinary,2,Ordinary
119,3,Ordinary,2,Ordinary,3,Ordinary,2,Ordinary
120,3,Ordinary,2,Ordinary,3,Ordinary,2,Ordinary
121,3,Ordinary,2,Ordinary,3,Ordinary,2,Ordinary
122,3,Ordinary,2,Ordinary,3,Ordinary,2,Ordinary
123,3,Ordinary,2,Ordinary,3,Ordinary,2,Ordinary
124,3,Ordinary,2,Ordinary,3,Ordinary,2,Ordinary
125,3,Ordinary,2,Ordinary,3,Ordinary,2,Ordinary
126,3,Ordinary,2,Ordinary,3,Ordinary,2,Ordinary
127,3,Ordinary,2,Ordinary,3,Ordinary,2,Ordinary
128,3,Ordinary,2,Ordinary,3,Ordinary,2,Ordinary
129,3,Ordinary,2,Ordinary,3,Ordinary,2,Ordinary
130,3,Ordinary,2,Leading,3,Leading,2,Ordinary
131,3,Ordinary,2,Ordinary,3,Ordinary,2,Ordinary
132,3,Ordinary,2,Ordinary,3,Ordinary,2,Ordinary
133,3,Ordinary,2,Ordinary,3,Ordinary,2,Ordinary
134,3,Ordinary,2,Ordinary,3,Ordinary,2,Ordinary
135,3,Ordinary,2,Leading,3,Ordinary,2,Ordinary
136,3,Ordinary,2,Ordinary,3,Ordinary,2,Ordinary
137,3,Ordinary,2,Ordinary,3,Ordinary,2,Ordinary
138,3,Ordinary,2,Leading,3,Leading,2,Ordinary
139,3,Ordinary,2,Ordinary,3,Ordinary,2,Ordinary
140,3,Ordinary,2,Ordinary,3,Ordinary,2,Ordinary
141,3,Ordinary,2,Ordinary,3,Ordinary,2,Ordinary
142,3,Ordinary,2,Ordinary,3,Ordinary,2,Ordinary
143,3,Ordinary,2,Ordinary,3,Ordinary,2,Ordinary
144,3,Ordinary,2,Ordinary,3,Ordinary,2,Ordinary
145,3,Ordinary,2,Ordinary,3,Ordinary,2,Ordinary
146,3,Ordinary,2,Ordinary,3,Ordinary,2,Ordinary
147,3,Ordinary,2,Ordinary,3,Ordinary,2,Ordinary
148,3,Ordinary,2,Ordinary,3,Ordinary,2,Ordinary
149,3,Ordinary,2,Ordinary,3,Ordinary,2,Ordinary
150,3,Ordinary,2,Leading,3,Ordinary,2,Ordinary
151,3,Ordinary,2,Ordinary,3,Ordinary,2,Ordinary
152,3,Ordinary,2,Ordinary,3,Ordinary,2,Ordinary
153,3,Ordinary,2,Ordinary,3,Ordinary,2,Ordinary
154,3,Ordinary,2,Ordinary,3,Ordinary,2,Ordinary
155,3,Ordinary,2,Ordinary,3,Ordinary,2,Ordinary
156,3,Ordinary,2,Ordinary,3,Ordinary,2,Ordinary
157,3,Ordinary,2,Ordinary,3,Ordinary,2,Ordinary
158,3,Ordinary,2,Leading,3,Leading,2,Ordinary
159,3,Ordinary,2,Ordinary,3,Ordinary,2,Ordinary
160,3,Ordinary,2,Ordinary,3,Ordinary,2,Ordinary
161,3,Ordinary,2,Ordinary,3,Ordinary,2,Ordinary
162,3,Ordinary,2,Ordinary,3,Ordinary,2,Ordinary
163,3,Ordinary,2,Leading,3,Ordinary,2,Ordinary
164,3,Ordinary,2,Ordinary,3,Ordinary,2,Ordinary
165,3,Ordinary,2,Leading,3,Leading,2,Ordinary
166,3,Ordinary,2,Ordinary,3,Ordinary,2,Ordinary
167,3,Ordinary,2,Ordinary,3,Ordinary,2,Ordinary
168,3,Ordinary,2,Ordinary,3,Ordinary,2,Ordinary
169,3,Ordinary,2,Ordinary,3,Ordinary,2,Ordinary
170,3,Ordinary,2,Ordinary,3,Ordinary,2,Ordinary
171,3,Ordinary,2,Ordinary,3,Ordinary,2,Ordinary
172,3,Ordinary,2,Ordinary,3,Ordinary,2,Ordinary
173,3,Ordinary,2,Ordinary,3,Ordinary,2,Ordinary
174,3,Ordinary,2,Ordinary,3,Ordinary,2,Ordinary
175,3,Ordinary,2,Ordinary,3,Ordinary,2,Ordinary
176,N/A,N/A,2,Ordinary,3,Ordinary,3,Ordinary
177,N/A,N/A,2,Ordinary,3,Ordinary,3,Ordinary
178,N/A,N/A,2,Ordinary,3,Ordinary,3,Ordinary
179,N/A,N/A,2,Ordinary,3,Ordinary,3,Ordinary
180,N/A,N/A,2,Ordinary,3,Ordinary,3,Ordinary
181,N/A,N/A,2,Ordinary,3,Ordinary,3,Ordinary
182,N/A,N/A,2,Ordinary,3,Ordinary,3,Ordinary
183,N/A,N/A,2,Ordinary,3,Ordinary,3,Ordinary
184,N/A,N/A,2,Ordinary,3,Ordinary,3,Ordinary
185,N/A,N/A,2,Ordinary,3,Ordinary,3,Ordinary
186,N/A,N/A,2,Ordinary,3,Ordinary,3,Ordinary
187,N/A,N/A,2,Ordinary,3,Ordinary,3,Ordinary
188,N/A,N/A,2,Ordinary,3,Ordinary,3,Ordinary
189,N/A,N/A,2,Ordinary,3,Ordinary,3,Ordinary
190,N/A,N/A,2,Ordinary,3,Ordinary,3,Ordinary
191,N/A,N/A,2,Ordinary,3,Ordinary,3,Ordinary
192,N/A,N/A,2,Ordinary,3,Ordinary,3,Ordinary
193,N/A,N/A,2,Ordinary,3,Ordinary,3,Ordinary
194,N/A,N/A,2,Ordinary,3,Ordinary,3,Ordinary
195,N/A,N/A,2,Ordinary,3,Ordinary,3,Ordinary
196,N/A,N/A,2,Ordinary,3,Ordinary,3,Ordinary
197,N/A,N/A,2,Ordinary,3,Ordinary,3,Ordinary
198,N/A,N/A,2,Ordinary,3,Ordinary,3,Ordinary
199,N/A,N/A,2,Ordinary,3,Ordinary,3,Leading
200,N/A,N/A,2,Ordinary,3,Ordinary,3,Ordinary
201,N/A,N/A,2,Ordinary,3,Ordinary,3,Ordinary
202,N/A,N/A,2,Ordinary,3,Ordinary,3,Ordinary
203,N/A,N/A,2,Ordinary,3,Ordinary,3,Ordinary
204,N/A,N/A,2,Ordinary,3,Ordinary,3,Ordinary
205,N/A,N/A,2,Ordinary,3,Ordinary,3,Ordinary
206,N/A,N/A,2,Ordinary,3,Ordinary,3,Ordinary
207,N/A,N/A,2,Ordinary,3,Ordinary,3,Ordinary
208,N/A,N/A,2,Ordinary,3,Ordinary,3,Ordinary
209,N/A,N/A,2,Ordinary,3,Ordinary,3,Ordinary
210,N/A,N/A,2,Ordinary,3,Ordinary,3,Ordinary
211,N/A,N/A,2,Ordinary,3,Ordinary,3,Ordinary
212,N/A,N/A,2,Ordinary,3,Ordinary,3,Ordinary
213,N/A,N/A,2,Ordinary,3,Ordinary,3,Ordinary
214,N/A,N/A,2,Ordinary,3,Ordinary,3,Ordinary
215,N/A,N/A,2,Ordinary,3,Ordinary,3,Ordinary
216,N/A,N/A,2,Ordinary,3,Ordinary,3,Ordinary
217,N/A,N/A,2,Ordinary,3,Ordinary,3,Ordinary
218,N/A,N/A,2,Ordinary,3,Ordinary,3,Ordinary
219,N/A,N/A,2,Ordinary,3,Ordinary,3,Leading
220,N/A,N/A,2,Ordinary,3,Ordinary,3,Ordinary
221,N/A,N/A,2,Ordinary,3,Ordinary,3,Ordinary
222,N/A,N/A,2,Ordinary,3,Ordinary,3,Ordinary
223,N/A,N/A,2,Ordinary,3,Ordinary,3,Ordinary
224,N/A,N/A,2,Ordinary,3,Ordinary,3,Ordinary
225,N/A,N/A,2,Ordinary,3,Ordinary,3,Ordinary
226,N/A,N/A,2,Ordinary,3,Ordinary,3,Ordinary
227,N/A,N/A,2,Ordinary,3,Ordinary,3,Ordinary
228,N/A,N/A,2,Ordinary,3,Ordinary,3,Ordinary
229,N/A,N/A,2,Ordinary,3,Ordinary,3,Ordinary
230,N/A,N/A,2,Ordinary,3,Ordinary,3,Ordinary
231,N/A,N/A,2,Ordinary,3,Ordinary,3,Leading
232,N/A,N/A,2,Ordinary,3,Ordinary,3,Ordinary
233,N/A,N/A,2,Ordinary,3,Ordinary,3,Ordinary
234,N/A,N/A,2,Ordinary,3,Ordinary,3,Ordinary
235,N/A,N/A,2,Ordinary,3,Ordinary,3,Ordinary
236,N/A,N/A,3,Leading,3,Ordinary,3,Ordinary
237,N/A,N/A,3,Ordinary,3,Ordinary,3,Ordinary
238,N/A,N/A,3,Ordinary,3,Ordinary,3,Ordinary
239,N/A,N/A,3,Ordinary,3,Ordinary,3,Ordinary
240,N/A,N/A,3,Leading,3,Leading,3,Leading
241,N/A,N/A,3,Ordinary,3,Ordinary,3,Ordinary
242,N/A,N/A,3,Ordinary,3,Ordinary,3,Ordinary
243,N/A,N/A,3,Ordinary,3,Ordinary,3,Ordinary
244,N/A,N/A,3,Ordinary,3,Ordinary,3,Ordinary
245,N/A,N/A,3,Ordinary,3,Ordinary,3,Ordinary
246,N/A,N/A,3,Ordinary,3,Ordinary,3,Ordinary
247,N/A,N/A,3,Ordinary,3,Ordinary,3,Ordinary
248,N/A,N/A,3,Ordinary,3,Ordinary,3,Ordinary
249,N/A,N/A,3,Ordinary,3,Ordinary,3,Ordinary
250,N/A,N/A,3,Ordinary,3,Ordinary,3,Ordinary
251,N/A,N/A,3,Ordinary,3,Ordinary,3,Ordinary
252,N/A,N/A,3,Ordinary,3,Ordinary,3,Ordinary
253,N/A,N/A,3,Ordinary,3,Ordinary,3,Ordinary
254,N/A,N/A,3,Ordinary,3,Ordinary,3,Ordinary
255,N/A,N/A,3,Leading,3,Leading,3,Leading
256,N/A,N/A,3,Ordinary,3,Ordinary,3,Ordinary
257,N/A,N/A,3,Ordinary,3,Ordinary,3,Ordinary
258,N/A,N/A,3,Ordinary,3,Ordinary,3,Ordinary
259,N/A,N/A,3,Ordinary,3,Ordinary,3,Ordinary
260,N/A,N/A,3,Ordinary,3,Ordinary,3,Ordinary
261,N/A,N/A,3,Ordinary,3,Ordinary,3,Ordinary
262,N/A,N/A,3,Ordinary,3,Ordinary,3,Ordinary
263,N/A,N/A,3,Ordinary,3,Ordinary,3,Ordinary
264,N/A,N/A,3,Ordinary,3,Ordinary,3,Ordinary
265,N/A,N/A,3,Ordinary,3,Ordinary,3,Ordinary
266,N/A,N/A,3,Ordinary,3,Ordinary,3,Ordinary
267,N/A,N/A,3,Leading,3,Leading,3,Ordinary
268,N/A,N/A,3,Leading,3,Ordinary,3,Ordinary
269,N/A,N/A,3,Ordinary,3,Ordinary,3,Ordinary
270,N/A,N/A,3,Ordinary,3,Ordinary,3,Ordinary
271,N/A,N/A,3,Ordinary,3,Ordinary,3,Ordinary
272,N/A,N/A,3,Leading,3,Ordinary,3,Ordinary
273,N/A,N/A,3,Ordinary,3,Ordinary,3,Ordinary
274,N/A,N/A,3,Ordinary,3,Ordinary,3,Ordinary
275,N/A,N/A,3,Ordinary,3,Ordinary,3,Ordinary
276,N/A,N/A,3,Ordinary,3,Ordinary,3,Ordinary
277,N/A,N/A,3,Ordinary,3,Ordinary,3,Ordinary
278,N/A,N/A,3,Ordinary,3,Ordinary,3,Ordinary
279,N/A,N/A,3,Ordinary,3,Ordinary,3,Ordinary
280,N/A,N/A,3,Ordinary,3,Ordinary,3,Ordinary
281,N/A,N/A,3,Ordinary,3,Ordinary,3,Ordinary
282,N/A,N/A,3,Ordinary,3,Ordinary,3,Ordinary
283,N/A,N/A,3,Ordinary,3,Ordinary,3,Ordinary
284,N/A,N/A,3,Ordinary,3,Ordinary,3,Ordinary
285,N/A,N/A,3,Ordinary,3,Ordinary,3,Ordinary
286,N/A,N/A,3,Ordinary,3,Ordinary,3,Ordinary
287,N/A,N/A,3,Ordinary,3,Ordinary,3,Ordinary
288,N/A,N/A,3,Leading,3,Ordinary,3,Ordinary
289,N/A,N/A,3,Ordinary,3,Ordinary,3,Ordinary
290,N/A,N/A,3,Ordinary,3,Ordinary,3,Ordinary
291,N/A,N/A,3,Ordinary,3,Ordinary,3,Ordinary
292,N/A,N/A,3,Ordinary,3,Ordinary,3,Ordinary
293,N/A,N/A,3,Ordinary,3,Ordinary,3,Ordinary
294,N/A,N/A,3,Ordinary,3,Ordinary,3,Ordinary
295,N/A,N/A,3,Ordinary,3,Ordinary,3,Ordinary
296,N/A,N/A,3,Ordinary,3,Ordinary,3,Ordinary
297,N/A,N/A,3,Ordinary,3,Ordinary,3,Ordinary
298,N/A,N/A,3,Ordinary,3,Ordinary,3,Ordinary
299,N/A,N/A,3,Ordinary,3,Ordinary,3,Ordinary
300,N/A,N/A,3,Ordinary,3,Ordinary,3,Ordinary
301,N/A,N/A,3,Leading,3,Ordinary,3,Ordinary
302,N/A,N/A,3,Ordinary,3,Ordinary,3,Leading
303,N/A,N/A,3,Ordinary,3,Ordinary,3,Ordinary
304,N/A,N/A,3,Ordinary,3,Ordinary,3,Ordinary
305,N/A,N/A,3,Ordinary,3,Ordinary,3,Ordinary
306,N/A,N/A,3,Ordinary,3,Ordinary,3,Ordinary
307,N/A,N/A,3,Ordinary,3,Ordinary,3,Ordinary
308,N/A,N/A,3,Ordinary,3,Leading,3,Ordinary
309,N/A,N/A,3,Ordinary,3,Ordinary,3,Ordinary
310,N/A,N/A,4,Ordinary,3,Ordinary,3,Ordinary
311,N/A,N/A,4,Ordinary,3,Ordinary,3,Ordinary
312,N/A,N/A,4,Ordinary,3,Ordinary,3,Ordinary
313,N/A,N/A,4,Ordinary,3,Ordinary,3,Ordinary
314,N/A,N/A,4,Ordinary,3,Ordinary,3,Ordinary
315,N/A,N/A,4,Ordinary,3,Ordinary,3,Ordinary
316,N/A,N/A,4,Ordinary,3,Ordinary,3,Ordinary
317,N/A,N/A,4,Ordinary,3,Ordinary,3,Ordinary
318,N/A,N/A,4,Ordinary,3,Ordinary,3,Ordinary
319,N/A,N/A,4,Ordinary,3,Ordinary,3,Ordinary
320,N/A,N/A,4,Ordinary,3,Ordinary,3,Ordinary
321,N/A,N/A,4,Ordinary,3,Ordinary,3,Leading
322,N/A,N/A,4,Ordinary,3,Ordinary,3,Ordinary
323,N/A,N/A,4,Ordinary,3,Ordinary,3,Ordinary
324,N/A,N/A,4,Ordinary,3,Ordinary,3,Ordinary
325,N/A,N/A,4,Ordinary,3,Ordinary,3,Ordinary
326,N/A,N/A,4,Ordinary,3,Ordinary,3,Ordinary
327,N/A,N/A,4,Ordinary,3,Ordinary,3,Ordinary
328,N/A,N/A,4,Ordinary,3,Ordinary,3,Ordinary
329,N/A,N/A,4,Ordinary,3,Ordinary,3,Ordinary
330,N/A,N/A,4,Ordinary,3,Ordinary,3,Ordinary
331,N/A,N/A,4,Ordinary,3,Ordinary,3,Ordinary
332,N/A,N/A,4,Ordinary,3,Ordinary,3,Ordinary
333,N/A,N/A,4,Leading,3,Ordinary,3,Ordinary
334,N/A,N/A,4,Ordinary,3,Ordinary,3,Ordinary
335,N/A,N/A,4,Ordinary,3,Ordinary,3,Ordinary
336,N/A,N/A,4,Ordinary,3,Ordinary,3,Ordinary
337,N/A,N/A,4,Ordinary,3,Ordinary,3,Ordinary
338,N/A,N/A,4,Ordinary,3,Ordinary,3,Ordinary
339,N/A,N/A,4,Ordinary,3,Ordinary,3,Ordinary
340,N/A,N/A,4,Ordinary,3,Ordinary,3,Ordinary
341,N/A,N/A,4,Ordinary,3,Ordinary,3,Ordinary
342,N/A,N/A,4,Ordinary,3,Ordinary,3,Ordinary
343,N/A,N/A,4,Ordinary,3,Ordinary,3,Ordinary
344,N/A,N/A,4,Ordinary,3,Ordinary,3,Ordinary
345,N/A,N/A,4,Ordinary,3,Ordinary,3,Ordinary
346,N/A,N/A,4,Ordinary,3,Ordinary,3,Ordinary
347,N/A,N/A,4,Ordinary,3,Ordinary,3,Ordinary
348,N/A,N/A,4,Ordinary,3,Ordinary,3,Ordinary
349,N/A,N/A,4,Ordinary,3,Ordinary,3,Ordinary
350,N/A,N/A,4,Leading,3,Ordinary,3,Ordinary
351,N/A,N/A,4,Ordinary,3,Ordinary,3,Ordinary
352,N/A,N/A,4,Ordinary,3,Ordinary,3,Ordinary
353,N/A,N/A,4,Ordinary,3,Ordinary,3,Ordinary
354,N/A,N/A,4,Leading,3,Ordinary,3,Ordinary
355,N/A,N/A,4,Ordinary,3,Ordinary,3,Ordinary
356,N/A,N/A,4,Ordinary,3,Ordinary,3,Ordinary
357,N/A,N/A,4,Ordinary,3,Ordinary,3,Ordinary
358,N/A,N/A,4,Ordinary,3,Ordinary,3,Ordinary
359,N/A,N/A,4,Ordinary,3,Ordinary,3,Ordinary
360,N/A,N/A,4,Ordinary,3,Ordinary,3,Ordinary
361,N/A,N/A,4,Ordinary,3,Ordinary,3,Ordinary
362,N/A,N/A,4,Ordinary,3,Ordinary,3,Ordinary
363,N/A,N/A,4,Ordinary,3,Ordinary,3,Ordinary
364,N/A,N/A,4,Ordinary,3,Ordinary,3,Ordinary
365,N/A,N/A,4,Ordinary,3,Ordinary,3,Ordinary
366,N/A,N/A,4,Ordinary,3,Ordinary,3,Ordinary
367,N/A,N/A,4,Ordinary,3,Ordinary,3,Ordinary
368,N/A,N/A,4,Ordinary,3,Ordinary,3,Ordinary
369,N/A,N/A,4,Ordinary,3,Ordinary,3,Ordinary
370,N/A,N/A,4,Ordinary,3,Ordinary,3,Ordinary
371,N/A,N/A,4,Ordinary,3,Ordinary,3,Ordinary
372,N/A,N/A,4,Ordinary,3,Ordinary,3,Ordinary
373,N/A,N/A,4,Leading,3,Ordinary,3,Ordinary
374,N/A,N/A,4,Ordinary,3,Ordinary,3,Ordinary
375,N/A,N/A,4,Ordinary,3,Ordinary,3,Ordinary
376,N/A,N/A,4,Ordinary,3,Ordinary,3,Ordinary
377,N/A,N/A,4,Ordinary,3,Ordinary,3,Ordinary
378,N/A,N/A,4,Ordinary,3,Ordinary,3,Ordinary
379,N/A,N/A,4,Ordinary,3,Ordinary,3,Ordinary
380,N/A,N/A,4,Ordinary,3,Ordinary,3,Ordinary
381,N/A,N/A,4,Ordinary,3,Ordinary,3,Ordinary
382,N/A,N/A,4,Ordinary,3,Ordinary,3,Ordinary
383,N/A,N/A,4,Ordinary,3,Ordinary,3,Ordinary
384,N/A,N/A,4,Ordinary,3,Ordinary,3,Ordinary
385,N/A,N/A,4,Ordinary,3,Ordinary,3,Ordinary
386,N/A,N/A,4,Ordinary,3,Ordinary,3,Ordinary
387,N/A,N/A,4,Ordinary,3,Ordinary,3,Ordinary
388,N/A,N/A,4,Ordinary,3,Ordinary,3,Ordinary
389,N/A,N/A,4,Ordinary,3,Ordinary,3,Ordinary
390,N/A,N/A,4,Leading,3,Ordinary,3,Ordinary
391,N/A,N/A,4,Ordinary,3,Ordinary,3,Ordinary
392,N/A,N/A,4,Ordinary,3,Ordinary,3,Ordinary
393,N/A,N/A,4,Ordinary,3,Ordinary,3,Ordinary
394,N/A,N/A,4,Ordinary,3,Ordinary,3,Ordinary
395,N/A,N/A,4,Ordinary,3,Ordinary,3,Ordinary
396,N/A,N/A,4,Ordinary,3,Ordinary,3,Ordinary
397,N/A,N/A,4,Ordinary,3,Ordinary,3,Ordinary
398,N/A,N/A,4,Ordinary,3,Ordinary,3,Ordinary
399,N/A,N/A,4,Ordinary,3,Ordinary,3,Ordinary
400,N/A,N/A,4,Ordinary,3,Ordinary,3,Ordinary
401,N/A,N/A,4,Leading,3,Ordinary,3,Leading
402,N/A,N/A,4,Ordinary,3,Ordinary,3,Ordinary
403,N/A,N/A,4,Ordinary,3,Ordinary,3,Ordinary
404,N/A,N/A,4,Ordinary,3,Ordinary,3,Ordinary
405,N/A,N/A,4,Ordinary,3,Ordinary,3,Ordinary
406,N/A,N/A,4,Leading,3,Ordinary,3,Ordinary
407,N/A,N/A,4,Ordinary,3,Ordinary,3,Ordinary
408,N/A,N/A,4,Ordinary,3,Ordinary,3,Ordinary
409,N/A,N/A,4,Ordinary,3,Ordinary,3,Ordinary
410,N/A,N/A,4,Ordinary,3,Ordinary,3,Ordinary
411,N/A,N/A,4,Ordinary,3,Ordinary,3,Ordinary
412,N/A,N/A,4,Ordinary,3,Ordinary,3,Ordinary
413,N/A,N/A,4,Ordinary,3,Ordinary,3,Ordinary
414,N/A,N/A,4,Leading,3,Ordinary,3,Ordinary
415,N/A,N/A,4,Ordinary,3,Ordinary,3,Ordinary
416,N/A,N/A,4,Ordinary,3,Ordinary,3,Ordinary
417,N/A,N/A,4,Ordinary,3,Ordinary,3,Ordinary
418,N/A,N/A,4,Ordinary,4,Ordinary,4,Ordinary
419,N/A,N/A,4,Ordinary,4,Ordinary,4,Ordinary
420,N/A,N/A,4,Ordinary,4,Ordinary,4,Ordinary
421,N/A,N/A,4,Ordinary,4,Ordinary,4,Ordinary
422,N/A,N/A,4,Ordinary,4,Ordinary,4,Ordinary
423,N/A,N/A,4,Ordinary,4,Leading,4,Leading
424,N/A,N/A,4,Ordinary,4,Ordinary,4,Ordinary
425,N/A,N/A,4,Ordinary,4,Ordinary,4,Ordinary
426,N/A,N/A,4,Ordinary,4,Ordinary,4,Ordinary
427,N/A,N/A,4,Ordinary,4,Ordinary,4,Ordinary
428,N/A,N/A,4,Ordinary,4,Ordinary,4,Ordinary
429,N/A,N/A,4,Ordinary,4,Ordinary,4,Ordinary
430,N/A,N/A,4,Ordinary,4,Ordinary,4,Ordinary
431,N/A,N/A,4,Ordinary,4,Ordinary,4,Ordinary
432,N/A,N/A,4,Ordinary,4,Ordinary,4,Ordinary
433,N/A,N/A,4,Ordinary,4,Ordinary,4,Ordinary
434,N/A,N/A,4,Ordinary,4,Ordinary,4,Ordinary
435,N/A,N/A,4,Ordinary,4,Ordinary,4,Leading
436,N/A,N/A,4,Ordinary,4,Ordinary,4,Ordinary
437,N/A,N/A,4,Ordinary,4,Ordinary,4,Ordinary
438,N/A,N/A,4,Ordinary,4,Ordinary,4,Ordinary
439,N/A,N/A,4,Ordinary,4,Ordinary,4,Ordinary
440,N/A,N/A,4,Ordinary,4,Ordinary,4,Ordinary
441,N/A,N/A,4,Ordinary,4,Ordinary,4,Ordinary
442,N/A,N/A,4,Ordinary,4,Ordinary,4,Ordinary
443,N/A,N/A,4,Ordinary,4,Ordinary,4,Ordinary
444,N/A,N/A,4,Ordinary,4,Leading,4,Ordinary
445,N/A,N/A,4,Ordinary,4,Ordinary,4,Ordinary
446,N/A,N/A,4,Ordinary,4,Leading,4,Ordinary
447,N/A,N/A,4,Ordinary,4,Leading,4,Ordinary
448,N/A,N/A,4,Ordinary,4,Ordinary,4,Ordinary
449,N/A,N/A,4,Ordinary,4,Ordinary,4,Ordinary
450,N/A,N/A,4,Ordinary,4,Ordinary,4,Ordinary
451,N/A,N/A,4,Ordinary,4,Ordinary,4,Ordinary
452,N/A,N/A,4,Ordinary,4,Ordinary,4,Ordinary
453,N/A,N/A,4,Ordinary,4,Ordinary,4,Ordinary
454,N/A,N/A,4,Ordinary,4,Ordinary,4,Ordinary
455,N/A,N/A,4,Ordinary,4,Ordinary,4,Ordinary
456,N/A,N/A,4,Ordinary,4,Ordinary,4,Ordinary
457,N/A,N/A,4,Ordinary,4,Ordinary,4,Ordinary
458,N/A,N/A,4,Ordinary,4,Ordinary,4,Ordinary
459,N/A,N/A,4,Ordinary,4,Ordinary,4,Ordinary
460,N/A,N/A,4,Ordinary,4,Leading,4,Leading
461,N/A,N/A,4,Ordinary,4,Ordinary,4,Ordinary
462,N/A,N/A,4,Ordinary,4,Ordinary,4,Ordinary
463,N/A,N/A,4,Ordinary,4,Ordinary,4,Ordinary
464,N/A,N/A,4,Ordinary,4,Ordinary,4,Ordinary
465,N/A,N/A,4,Ordinary,4,Ordinary,4,Ordinary
466,N/A,N/A,4,Ordinary,4,Ordinary,4,Ordinary
467,N/A,N/A,4,Ordinary,4,Ordinary,4,Ordinary
468,N/A,N/A,4,Ordinary,4,Ordinary,4,Ordinary
469,N/A,N/A,4,Ordinary,4,Ordinary,4,Ordinary
470,N/A,N/A,4,Ordinary,4,Ordinary,4,Ordinary
471,N/A,N/A,4,Ordinary,4,Ordinary,4,Ordinary
472,N/A,N/A,4,Ordinary,4,Ordinary,4,Ordinary
473,N/A,N/A,4,Ordinary,4,Ordinary,4,Ordinary
474,N/A,N/A,4,Ordinary,4,Ordinary,4,Ordinary
475,N/A,N/A,4,Ordinary,4,Ordinary,4,Ordinary
476,N/A,N/A,4,Ordinary,4,Ordinary,4,Ordinary
477,N/A,N/A,4,Ordinary,4,Ordinary,4,Ordinary
478,N/A,N/A,4,Ordinary,4,Ordinary,4,Ordinary
479,N/A,N/A,4,Ordinary,4,Leading,4,Ordinary
480,N/A,N/A,4,Ordinary,4,Ordinary,4,Ordinary
481,N/A,N/A,4,Ordinary,4,Ordinary,4,Ordinary
482,N/A,N/A,4,Ordinary,4,Ordinary,4,Ordinary
483,N/A,N/A,4,Ordinary,4,Ordinary,4,Ordinary
484,N/A,N/A,4,Ordinary,4,Ordinary,4,Ordinary
485,N/A,N/A,4,Ordinary,4,Ordinary,4,Ordinary
486,N/A,N/A,4,Ordinary,4,Ordinary,4,Ordinary
487,N/A,N/A,4,Ordinary,4,Ordinary,4,Ordinary
488,N/A,N/A,4,Ordinary,4,Ordinary,4,Ordinary
489,N/A,N/A,4,Ordinary,4,Ordinary,4,Ordinary
490,N/A,N/A,4,Ordinary,4,Ordinary,4,Ordinary
491,N/A,N/A,4,Ordinary,4,Ordinary,4,Ordinary
492,N/A,N/A,4,Ordinary,4,Ordinary,4,Ordinary
493,N/A,N/A,4,Ordinary,4,Ordinary,4,Ordinary
494,N/A,N/A,4,Ordinary,4,Ordinary,4,Ordinary
495,N/A,N/A,4,Ordinary,4,Ordinary,4,Ordinary
496,N/A,N/A,4,Ordinary,4,Ordinary,4,Ordinary
497,N/A,N/A,4,Ordinary,4,Ordinary,4,Leading
498,N/A,N/A,4,Ordinary,4,Ordinary,4,Ordinary
499,N/A,N/A,4,Ordinary,4,Ordinary,4,Ordinary
500,N/A,N/A,4,Ordinary,4,Ordinary,4,Ordinary
501,N/A,N/A,4,Ordinary,4,Ordinary,4,Ordinary
502,N/A,N/A,4,Ordinary,4,Ordinary,4,Ordinary
503,N/A,N/A,4,Ordinary,4,Ordinary,4,Ordinary
504,N/A,N/A,4,Ordinary,4,Ordinary,4,Ordinary
505,N/A,N/A,4,Ordinary,4,Leading,4,Ordinary
506,N/A,N/A,N/A,N/A,4,Ordinary,4,Ordinary
507,N/A,N/A,N/A,N/A,4,Ordinary,4,Ordinary
508,N/A,N/A,N/A,N/A,4,Ordinary,4,Ordinary
509,N/A,N/A,N/A,N/A,4,Ordinary,4,Ordinary
510,N/A,N/A,N/A,N/A,4,Ordinary,4,Ordinary
511,N/A,N/A,N/A,N/A,4,Ordinary,4,Ordinary
512,N/A,N/A,N/A,N/A,4,Ordinary,4,Ordinary
513,N/A,N/A,N/A,N/A,4,Ordinary,4,Ordinary
514,N/A,N/A,N/A,N/A,4,Ordinary,4,Ordinary
515,N/A,N/A,N/A,N/A,4,Ordinary,4,Ordinary
516,N/A,N/A,N/A,N/A,4,Ordinary,4,Ordinary
517,N/A,N/A,N/A,N/A,4,Ordinary,4,Ordinary
518,N/A,N/A,N/A,N/A,4,Ordinary,4,Ordinary
519,N/A,N/A,N/A,N/A,4,Ordinary,4,Ordinary
520,N/A,N/A,N/A,N/A,4,Ordinary,4,Ordinary
521,N/A,N/A,N/A,N/A,4,Ordinary,4,Ordinary
522,N/A,N/A,N/A,N/A,4,Ordinary,4,Ordinary
523,N/A,N/A,N/A,N/A,4,Ordinary,4,Ordinary
524,N/A,N/A,N/A,N/A,4,Ordinary,4,Leading
525,N/A,N/A,N/A,N/A,4,Ordinary,4,Ordinary
526,N/A,N/A,N/A,N/A,4,Ordinary,4,Ordinary
527,N/A,N/A,N/A,N/A,4,Ordinary,4,Ordinary
528,N/A,N/A,N/A,N/A,4,Ordinary,4,Ordinary
529,N/A,N/A,N/A,N/A,4,Ordinary,4,Ordinary
530,N/A,N/A,N/A,N/A,4,Ordinary,4,Ordinary
531,N/A,N/A,N/A,N/A,4,Ordinary,4,Ordinary
532,N/A,N/A,N/A,N/A,4,Ordinary,4,Ordinary
533,N/A,N/A,N/A,N/A,4,Ordinary,4,Ordinary
534,N/A,N/A,N/A,N/A,4,Ordinary,4,Ordinary
535,N/A,N/A,N/A,N/A,4,Leading,4,Leading
536,N/A,N/A,N/A,N/A,4,Ordinary,4,Ordinary
537,N/A,N/A,N/A,N/A,4,Ordinary,4,Ordinary
538,N/A,N/A,N/A,N/A,4,Ordinary,4,Ordinary
539,N/A,N/A,N/A,N/A,4,Ordinary,4,Ordinary
540,N/A,N/A,N/A,N/A,4,Ordinary,4,Ordinary
541,N/A,N/A,N/A,N/A,4,Ordinary,4,Ordinary
542,N/A,N/A,N/A,N/A,4,Ordinary,4,Ordinary
543,N/A,N/A,N/A,N/A,4,Ordinary,4,Ordinary
544,N/A,N/A,N/A,N/A,4,Ordinary,4,Ordinary
545,N/A,N/A,N/A,N/A,4,Ordinary,4,Ordinary
546,N/A,N/A,N/A,N/A,4,Ordinary,4,Ordinary
547,N/A,N/A,N/A,N/A,4,Ordinary,4,Ordinary
548,N/A,N/A,N/A,N/A,4,Ordinary,4,Ordinary
549,N/A,N/A,N/A,N/A,4,Ordinary,4,Ordinary
550,N/A,N/A,N/A,N/A,4,Ordinary,4,Ordinary
551,N/A,N/A,N/A,N/A,4,Ordinary,4,Ordinary
552,N/A,N/A,N/A,N/A,4,Ordinary,4,Ordinary
553,N/A,N/A,N/A,N/A,4,Ordinary,4,Ordinary
554,N/A,N/A,N/A,N/A,4,Ordinary,4,Ordinary
555,N/A,N/A,N/A,N/A,4,Ordinary,4,Ordinary
556,N/A,N/A,N/A,N/A,4,Ordinary,4,Ordinary
557,N/A,N/A,N/A,N/A,4,Ordinary,4,Ordinary
558,N/A,N/A,N/A,N/A,4,Ordinary,4,Ordinary
559,N/A,N/A,N/A,N/A,4,Ordinary,4,Ordinary
560,N/A,N/A,N/A,N/A,4,Ordinary,4,Ordinary
561,N/A,N/A,N/A,N/A,4,Ordinary,4,Ordinary
562,N/A,N/A,N/A,N/A,4,Ordinary,4,Ordinary
563,N/A,N/A,N/A,N/A,4,Ordinary,4,Ordinary
564,N/A,N/A,N/A,N/A,4,Ordinary,4,Ordinary
565,N/A,N/A,N/A,N/A,4,Ordinary,4,Ordinary
566,N/A,N/A,N/A,N/A,4,Ordinary,4,Ordinary
567,N/A,N/A,N/A,N/A,4,Ordinary,4,Ordinary
568,N/A,N/A,N/A,N/A,4,Ordinary,4,Ordinary
569,N/A,N/A,N/A,N/A,4,Ordinary,4,Ordinary
570,N/A,N/A,N/A,N/A,4,Ordinary,4,Ordinary
571,N/A,N/A,N/A,N/A,4,Ordinary,4,Ordinary
572,N/A,N/A,N/A,N/A,4,Ordinary,4,Ordinary
573,N/A,N/A,N/A,N/A,4,Ordinary,4,Ordinary
574,N/A,N/A,N/A,N/A,4,Ordinary,4,Ordinary
575,N/A,N/A,N/A,N/A,4,Ordinary,4,Ordinary
576,N/A,N/A,N/A,N/A,4,Ordinary,4,Leading
577,N/A,N/A,N/A,N/A,4,Ordinary,4,Ordinary
578,N/A,N/A,N/A,N/A,4,Ordinary,4,Ordinary
579,N/A,N/A,N/A,N/A,4,Ordinary,4,Ordinary
580,N/A,N/A,N/A,N/A,4,Ordinary,4,Ordinary
581,N/A,N/A,N/A,N/A,4,Ordinary,4,Ordinary
582,N/A,N/A,N/A,N/A,4,Ordinary,4,Ordinary
583,N/A,N/A,N/A,N/A,4,Ordinary,4,Ordinary
584,N/A,N/A,N/A,N/A,4,Ordinary,4,Ordinary
585,N/A,N/A,N/A,N/A,4,Ordinary,4,Ordinary
586,N/A,N/A,N/A,N/A,4,Ordinary,4,Ordinary
587,N/A,N/A,N/A,N/A,4,Ordinary,4,Ordinary
588,N/A,N/A,N/A,N/A,5,Leading,4,Ordinary
589,N/A,N/A,N/A,N/A,5,Ordinary,4,Ordinary
590,N/A,N/A,N/A,N/A,5,Ordinary,4,Ordinary
591,N/A,N/A,N/A,N/A,5,Leading,4,Ordinary
592,N/A,N/A,N/A,N/A,5,Ordinary,4,Ordinary
593,N/A,N/A,N/A,N/A,5,Ordinary,4,Ordinary
594,N/A,N/A,N/A,N/A,5,Ordinary,4,Ordinary
595,N/A,N/A,N/A,N/A,5,Ordinary,4,Ordinary
596,N/A,N/A,N/A,N/A,5,Ordinary,4,Ordinary
597,N/A,N/A,N/A,N/A,5,Ordinary,4,Ordinary
598,N/A,N/A,N/A,N/A,5,Ordinary,4,Ordinary
599,N/A,N/A,N/A,N/A,5,Ordinary,4,Ordinary
600,N/A,N/A,N/A,N/A,5,Ordinary,4,Ordinary
601,N/A,N/A,N/A,N/A,5,Ordinary,4,Ordinary
602,N/A,N/A,N/A,N/A,5,Ordinary,4,Ordinary
603,N/A,N/A,N/A,N/A,5,Ordinary,4,Ordinary
604,N/A,N/A,N/A,N/A,5,Ordinary,4,Ordinary
605,N/A,N/A,N/A,N/A,5,Ordinary,4,Ordinary
606,N/A,N/A,N/A,N/A,5,Ordinary,4,Ordinary
607,N/A,N/A,N/A,N/A,5,Ordinary,4,Ordinary
608,N/A,N/A,N/A,N/A,5,Ordinary,4,Ordinary
609,N/A,N/A,N/A,N/A,5,Ordinary,4,Ordinary
610,N/A,N/A,N/A,N/A,5,Ordinary,4,Ordinary
611,N/A,N/A,N/A,N/A,5,Ordinary,4,Ordinary
612,N/A,N/A,N/A,N/A,5,Ordinary,4,Ordinary
613,N/A,N/A,N/A,N/A,5,Leading,4,Ordinary
614,N/A,N/A,N/A,N/A,5,Ordinary,4,Ordinary
615,N/A,N/A,N/A,N/A,5,Ordinary,4,Ordinary
616,N/A,N/A,N/A,N/A,5,Ordinary,4,Ordinary
617,N/A,N/A,N/A,N/A,5,Ordinary,4,Ordinary
618,N/A,N/A,N/A,N/A,5,Ordinary,4,Ordinary
619,N/A,N/A,N/A,N/A,5,Ordinary,4,Ordinary
620,N/A,N/A,N/A,N/A,5,Ordinary,4,Ordinary
621,N/A,N/A,N/A,N/A,5,Ordinary,4,Ordinary
622,N/A,N/A,N/A,N/A,5,Ordinary,4,Ordinary
623,N/A,N/A,N/A,N/A,5,Leading,4,Leading
624,N/A,N/A,N/A,N/A,5,Ordinary,4,Ordinary
625,N/A,N/A,N/A,N/A,5,Ordinary,4,Ordinary
626,N/A,N/A,N/A,N/A,5,Leading,4,Ordinary
627,N/A,N/A,N/A,N/A,5,Ordinary,4,Ordinary
628,N/A,N/A,N/A,N/A,5,Ordinary,4,Ordinary
629,N/A,N/A,N/A,N/A,5,Ordinary,4,Ordinary
630,N/A,N/A,N/A,N/A,5,Ordinary,4,Ordinary
631,N/A,N/A,N/A,N/A,5,Ordinary,4,Ordinary
632,N/A,N/A,N/A,N/A,5,Ordinary,4,Ordinary
633,N/A,N/A,N/A,N/A,5,Ordinary,4,Ordinary
634,N/A,N/A,N/A,N/A,5,Ordinary,4,Ordinary
635,N/A,N/A,N/A,N/A,5,Ordinary,4,Ordinary
636,N/A,N/A,N/A,N/A,5,Ordinary,4,Ordinary
637,N/A,N/A,N/A,N/A,5,Ordinary,4,Ordinary
638,N/A,N/A,N/A,N/A,5,Leading,4,Ordinary
639,N/A,N/A,N/A,N/A,5,Ordinary,4,Ordinary
640,N/A,N/A,N/A,N/A,5,Ordinary,4,Ordinary
641,N/A,N/A,N/A,N/A,5,Ordinary,4,Ordinary
642,N/A,N/A,N/A,N/A,5,Ordinary,4,Ordinary
643,N/A,N/A,N/A,N/A,5,Ordinary,4,Ordinary
644,N/A,N/A,N/A,N/A,5,Ordinary,4,Ordinary
645,N/A,N/A,N/A,N/A,5,Ordinary,4,Ordinary
646,N/A,N/A,N/A,N/A,5,Ordinary,4,Ordinary
647,N/A,N/A,N/A,N/A,5,Ordinary,4,Ordinary
648,N/A,N/A,N/A,N/A,5,Ordinary,4,Ordinary
649,N/A,N/A,N/A,N/A,5,Leading,4,Ordinary
650,N/A,N/A,N/A,N/A,5,Ordinary,4,Ordinary
651,N/A,N/A,N/A,N/A,5,Ordinary,4,Ordinary
652,N/A,N/A,N/A,N/A,5,Ordinary,4,Ordinary
653,N/A,N/A,N/A,N/A,5,Ordinary,4,Ordinary
654,N/A,N/A,N/A,N/A,5,Ordinary,4,Ordinary
655,N/A,N/A,N/A,N/A,5,Ordinary,4,Ordinary
656,N/A,N/A,N/A,N/A,5,Ordinary,4,Ordinary
657,N/A,N/A,N/A,N/A,5,Ordinary,4,Ordinary
658,N/A,N/A,N/A,N/A,5,Ordinary,4,Ordinary
659,N/A,N/A,N/A,N/A,5,Ordinary,4,Ordinary
660,N/A,N/A,N/A,N/A,5,Ordinary,4,Ordinary
661,N/A,N/A,N/A,N/A,5,Ordinary,4,Ordinary
662,N/A,N/A,N/A,N/A,5,Ordinary,4,Ordinary
663,N/A,N/A,N/A,N/A,5,Ordinary,4,Ordinary
664,N/A,N/A,N/A,N/A,5,Ordinary,4,Ordinary
665,N/A,N/A,N/A,N/A,5,Ordinary,4,Ordinary
666,N/A,N/A,N/A,N/A,5,Ordinary,4,Ordinary
667,N/A,N/A,N/A,N/A,5,Leading,4,Ordinary
668,N/A,N/A,N/A,N/A,5,Ordinary,4,Ordinary
669,N/A,N/A,N/A,N/A,5,Ordinary,4,Ordinary
670,N/A,N/A,N/A,N/A,5,Ordinary,4,Ordinary
671,N/A,N/A,N/A,N/A,5,Ordinary,4,Ordinary
672,N/A,N/A,N/A,N/A,5,Ordinary,4,Ordinary
673,N/A,N/A,N/A,N/A,5,Ordinary,4,Ordinary
674,N/A,N/A,N/A,N/A,5,Ordinary,4,Ordinary
675,N/A,N/A,N/A,N/A,6,Ordinary,4,Ordinary
676,N/A,N/A,N/A,N/A,6,Ordinary,4,Ordinary
677,N/A,N/A,N/A,N/A,6,Ordinary,4,Ordinary
678,N/A,N/A,N/A,N/A,6,Ordinary,4,Ordinary
679,N/A,N/A,N/A,N/A,6,Ordinary,4,Ordinary
680,N/A,N/A,N/A,N/A,6,Ordinary,4,Ordinary
681,N/A,N/A,N/A,N/A,6,Ordinary,4,Ordinary
682,N/A,N/A,N/A,N/A,6,Ordinary,4,Ordinary
683,N/A,N/A,N/A,N/A,6,Leading,4,Ordinary
684,N/A,N/A,N/A,N/A,6,Ordinary,4,Ordinary
685,N/A,N/A,N/A,N/A,6,Ordinary,4,Ordinary
686,N/A,N/A,N/A,N/A,6,Leading,4,Ordinary
687,N/A,N/A,N/A,N/A,6,Ordinary,4,Ordinary
688,N/A,N/A,N/A,N/A,6,Ordinary,4,Ordinary
689,N/A,N/A,N/A,N/A,6,Ordinary,4,Ordinary
690,N/A,N/A,N/A,N/A,6,Ordinary,4,Ordinary
691,N/A,N/A,N/A,N/A,6,Ordinary,4,Ordinary
692,N/A,N/A,N/A,N/A,6,Ordinary,4,Ordinary
693,N/A,N/A,N/A,N/A,6,Ordinary,4,Ordinary
694,N/A,N/A,N/A,N/A,6,Ordinary,4,Ordinary
695,N/A,N/A,N/A,N/A,6,Leading,4,Ordinary
696,N/A,N/A,N/A,N/A,6,Ordinary,4,Ordinary
697,N/A,N/A,N/A,N/A,6,Ordinary,4,Ordinary
698,N/A,N/A,N/A,N/A,6,Ordinary,4,Ordinary
699,N/A,N/A,N/A,N/A,6,Ordinary,4,Ordinary
700,N/A,N/A,N/A,N/A,6,Ordinary,4,Ordinary
701,N/A,N/A,N/A,N/A,6,Ordinary,4,Ordinary
702,N/A,N/A,N/A,N/A,6,Ordinary,4,Ordinary
703,N/A,N/A,N/A,N/A,6,Ordinary,4,Ordinary
704,N/A,N/A,N/A,N/A,6,Leading,4,Ordinary
705,N/A,N/A,N/A,N/A,6,Ordinary,4,Ordinary
706,N/A,N/A,N/A,N/A,6,Ordinary,4,Ordinary
707,N/A,N/A,N/A,N/A,6,Ordinary,4,Ordinary
708,N/A,N/A,N/A,N/A,6,Ordinary,4,Ordinary
709,N/A,N/A,N/A,N/A,6,Leading,4,Ordinary
710,N/A,N/A,N/A,N/A,6,Leading,4,Ordinary
711,N/A,N/A,N/A,N/A,6,Ordinary,4,Ordinary
712,N/A,N/A,N/A,N/A,6,Ordinary,4,Ordinary
713,N/A,N/A,N/A,N/A,6,Ordinary,4,Ordinary
714,N/A,N/A,N/A,N/A,6,Ordinary,4,Ordinary
715,N/A,N/A,N/A,N/A,6,Ordinary,4,Ordinary
716,N/A,N/A,N/A,N/A,6,Ordinary,4,Ordinary
717,N/A,N/A,N/A,N/A,6,Ordinary,4,Ordinary
718,N/A,N/A,N/A,N/A,6,Ordinary,4,Ordinary
719,N/A,N/A,N/A,N/A,6,Ordinary,4,Ordinary
720,N/A,N/A,N/A,N/A,6,Leading,4,Ordinary
721,N/A,N/A,N/A,N/A,6,Ordinary,4,Ordinary
722,N/A,N/A,N/A,N/A,6,Ordinary,4,Ordinary
723,N/A,N/A,N/A,N/A,6,Ordinary,4,Ordinary
724,N/A,N/A,N/A,N/A,6,Ordinary,4,Ordinary
725,N/A,N/A,N/A,N/A,6,Ordinary,4,Ordinary
726,N/A,N/A,N/A,N/A,6,Ordinary,4,Ordinary
727,N/A,N/A,N/A,N/A,6,Ordinary,4,Ordinary
728,N/A,N/A,N/A,N/A,6,Ordinary,4,Ordinary
729,N/A,N/A,N/A,N/A,6,Ordinary,4,Ordinary
730,N/A,N/A,N/A,N/A,6,Ordinary,4,Ordinary
731,N/A,N/A,N/A,N/A,6,Ordinary,4,Ordinary
732,N/A,N/A,N/A,N/A,6,Ordinary,4,Ordinary
733,N/A,N/A,N/A,N/A,6,Ordinary,4,Ordinary
734,N/A,N/A,N/A,N/A,6,Ordinary,4,Ordinary
735,N/A,N/A,N/A,N/A,6,Ordinary,4,Ordinary
736,N/A,N/A,N/A,N/A,6,Ordinary,4,Ordinary
737,N/A,N/A,N/A,N/A,6,Ordinary,4,Ordinary
738,N/A,N/A,N/A,N/A,6,Ordinary,4,Ordinary
739,N/A,N/A,N/A,N/A,6,Ordinary,4,Ordinary
740,N/A,N/A,N/A,N/A,6,Ordinary,4,Ordinary
741,N/A,N/A,N/A,N/A,6,Ordinary,4,Ordinary
742,N/A,N/A,N/A,N/A,6,Ordinary,4,Ordinary
743,N/A,N/A,N/A,N/A,6,Ordinary,4,Ordinary
744,N/A,N/A,N/A,N/A,6,Ordinary,4,Ordinary
745,N/A,N/A,N/A,N/A,6,Ordinary,4,Ordinary
746,N/A,N/A,N/A,N/A,6,Leading,4,Ordinary
747,N/A,N/A,N/A,N/A,6,Ordinary,4,Ordinary
748,N/A,N/A,N/A,N/A,6,Ordinary,4,Ordinary
749,N/A,N/A,N/A,N/A,6,Ordinary,4,Ordinary
750,N/A,N/A,N/A,N/A,6,Ordinary,4,Ordinary
751,N/A,N/A,N/A,N/A,6,Ordinary,4,Ordinary
752,N/A,N/A,N/A,N/A,6,Ordinary,4,Ordinary
753,N/A,N/A,N/A,N/A,6,Ordinary,4,Ordinary
754,N/A,N/A,N/A,N/A,6,Ordinary,4,Ordinary
755,N/A,N/A,N/A,N/A,6,Ordinary,4,Ordinary
756,N/A,N/A,N/A,N/A,6,Ordinary,4,Ordinary
757,N/A,N/A,N/A,N/A,6,Ordinary,4,Ordinary
758,N/A,N/A,N/A,N/A,6,Ordinary,4,Ordinary
759,N/A,N/A,N/A,N/A,6,Ordinary,5,Leading
760,N/A,N/A,N/A,N/A,6,Ordinary,5,Ordinary
761,N/A,N/A,N/A,N/A,6,Ordinary,5,Ordinary
762,N/A,N/A,N/A,N/A,6,Ordinary,5,Ordinary
763,N/A,N/A,N/A,N/A,6,Ordinary,5,Ordinary
764,N/A,N/A,N/A,N/A,6,Ordinary,5,Leading
765,N/A,N/A,N/A,N/A,6,Ordinary,5,Ordinary
766,N/A,N/A,N/A,N/A,6,Ordinary,5,Ordinary
767,N/A,N/A,N/A,N/A,6,Ordinary,5,Ordinary
768,N/A,N/A,N/A,N/A,6,Ordinary,5,Ordinary
769,N/A,N/A,N/A,N/A,6,Ordinary,5,Ordinary
770,N/A,N/A,N/A,N/A,6,Ordinary,5,Ordinary
771,N/A,N/A,N/A,N/A,6,Ordinary,5,Ordinary
772,N/A,N/A,N/A,N/A,6,Ordinary,5,Leading
773,N/A,N/A,N/A,N/A,6,Ordinary,5,Ordinary
774,N/A,N/A,N/A,N/A,6,Ordinary,5,Ordinary
775,N/A,N/A,N/A,N/A,6,Ordinary,5,Ordinary
776,N/A,N/A,N/A,N/A,6,Ordinary,5,Ordinary
777,N/A,N/A,N/A,N/A,6,Ordinary,5,Ordinary
778,N/A,N/A,N/A,N/A,6,Ordinary,5,Ordinary
779,N/A,N/A,N/A,N/A,6,Ordinary,5,Ordinary
780,N/A,N/A,N/A,N/A,6,Ordinary,5,Ordinary
781,N/A,N/A,N/A,N/A,6,Ordinary,5,Ordinary
782,N/A,N/A,N/A,N/A,6,Ordinary,5,Ordinary
783,N/A,N/A,N/A,N/A,6,Ordinary,5,Ordinary
784,N/A,N/A,N/A,N/A,6,Ordinary,5,Ordinary
785,N/A,N/A,N/A,N/A,6,Ordinary,5,Ordinary
786,N/A,N/A,N/A,N/A,6,Ordinary,5,Ordinary
787,N/A,N/A,N/A,N/A,6,Ordinary,5,Ordinary
788,N/A,N/A,N/A,N/A,6,Ordinary,5,Ordinary
789,N/A,N/A,N/A,N/A,6,Ordinary,5,Ordinary
790,N/A,N/A,N/A,N/A,6,Ordinary,5,Leading
791,N/A,N/A,N/A,N/A,6,Ordinary,5,Ordinary
792,N/A,N/A,N/A,N/A,6,Ordinary,5,Ordinary
793,N/A,N/A,N/A,N/A,6,Ordinary,5,Ordinary
794,N/A,N/A,N/A,N/A,6,Ordinary,5,Ordinary
795,N/A,N/A,N/A,N/A,6,Ordinary,5,Leading
796,N/A,N/A,N/A,N/A,6,Ordinary,5,Ordinary
797,N/A,N/A,N/A,N/A,6,Ordinary,5,Ordinary
798,N/A,N/A,N/A,N/A,6,Ordinary,5,Ordinary
799,N/A,N/A,N/A,N/A,6,Ordinary,5,Ordinary
800,N/A,N/A,N/A,N/A,6,Ordinary,5,Ordinary
801,N/A,N/A,N/A,N/A,6,Ordinary,5,Ordinary
802,N/A,N/A,N/A,N/A,6,Ordinary,5,Ordinary
803,N/A,N/A,N/A,N/A,6,Ordinary,5,Ordinary
804,N/A,N/A,N/A,N/A,6,Ordinary,5,Ordinary
805,N/A,N/A,N/A,N/A,6,Ordinary,5,Ordinary
806,N/A,N/A,N/A,N/A,6,Ordinary,5,Ordinary
807,N/A,N/A,N/A,N/A,6,Ordinary,5,Ordinary
808,N/A,N/A,N/A,N/A,6,Ordinary,5,Ordinary
809,N/A,N/A,N/A,N/A,6,Ordinary,5,Leading
810,N/A,N/A,N/A,N/A,6,Ordinary,5,Leading
811,N/A,N/A,N/A,N/A,6,Ordinary,5,Ordinary
812,N/A,N/A,N/A,N/A,6,Ordinary,5,Ordinary
813,N/A,N/A,N/A,N/A,6,Ordinary,5,Ordinary
814,N/A,N/A,N/A,N/A,6,Ordinary,5,Ordinary
815,N/A,N/A,N/A,N/A,6,Ordinary,5,Ordinary
816,N/A,N/A,N/A,N/A,6,Ordinary,5,Ordinary
817,N/A,N/A,N/A,N/A,6,Ordinary,5,Ordinary
818,N/A,N/A,N/A,N/A,6,Ordinary,5,Ordinary
819,N/A,N/A,N/A,N/A,6,Ordinary,5,Ordinary
820,N/A,N/A,N/A,N/A,6,Ordinary,5,Ordinary
821,N/A,N/A,N/A,N/A,6,Ordinary,5,Ordinary
822,N/A,N/A,N/A,N/A,6,Ordinary,5,Ordinary
823,N/A,N/A,N/A,N/A,6,Ordinary,5,Ordinary
824,N/A,N/A,N/A,N/A,6,Ordinary,5,Ordinary
825,N/A,N/A,N/A,N/A,6,Ordinary,5,Ordinary
826,N/A,N/A,N/A,N/A,6,Ordinary,5,Ordinary
827,N/A,N/A,N/A,N/A,6,Ordinary,5,Ordinary
828,N/A,N/A,N/A,N/A,6,Ordinary,5,Ordinary
829,N/A,N/A,N/A,N/A,6,Ordinary,5,Ordinary
830,N/A,N/A,N/A,N/A,6,Ordinary,5,Ordinary
831,N/A,N/A,N/A,N/A,6,Ordinary,5,Ordinary
832,N/A,N/A,N/A,N/A,6,Ordinary,5,Ordinary
833,N/A,N/A,N/A,N/A,6,Ordinary,5,Ordinary
834,N/A,N/A,N/A,N/A,6,Ordinary,5,Ordinary
835,N/A,N/A,N/A,N/A,6,Ordinary,5,Ordinary
836,N/A,N/A,N/A,N/A,6,Ordinary,5,Ordinary
837,N/A,N/A,N/A,N/A,6,Ordinary,5,Ordinary
838,N/A,N/A,N/A,N/A,6,Ordinary,5,Leading
839,N/A,N/A,N/A,N/A,6,Ordinary,5,Ordinary
840,N/A,N/A,N/A,N/A,6,Ordinary,5,Ordinary
841,N/A,N/A,N/A,N/A,6,Ordinary,5,Ordinary
842,N/A,N/A,N/A,N/A,6,Ordinary,5,Ordinary
843,N/A,N/A,N/A,N/A,6,Ordinary,5,Ordinary
844,N/A,N/A,N/A,N/A,6,Ordinary,5,Ordinary
845,N/A,N/A,N/A,N/A,6,Ordinary,5,Ordinary
846,N/A,N/A,N/A,N/A,6,Ordinary,5,Ordinary
847,N/A,N/A,N/A,N/A,N/A,N/A,5,Ordinary
848,N/A,N/A,N/A,N/A,N/A,N/A,5,Ordinary
849,N/A,N/A,N/A,N/A,N/A,N/A,5,Ordinary
850,N/A,N/A,N/A,N/A,N/A,N/A,5,Ordinary
851,N/A,N/A,N/A,N/A,N/A,N/A,5,Ordinary
852,N/A,N/A,N/A,N/A,N/A,N/A,5,Ordinary
853,N/A,N/A,N/A,N/A,N/A,N/A,5,Ordinary
854,N/A,N/A,N/A,N/A,N/A,N/A,5,Ordinary
855,N/A,N/A,N/A,N/A,N/A,N/A,5,Ordinary
856,N/A,N/A,N/A,N/A,N/A,N/A,5,Ordinary
857,N/A,N/A,N/A,N/A,N/A,N/A,5,Ordinary
858,N/A,N/A,N/A,N/A,N/A,N/A,5,Ordinary
859,N/A,N/A,N/A,N/A,N/A,N/A,5,Ordinary
860,N/A,N/A,N/A,N/A,N/A,N/A,5,Ordinary
861,N/A,N/A,N/A,N/A,N/A,N/A,5,Ordinary
862,N/A,N/A,N/A,N/A,N/A,N/A,5,Ordinary
863,N/A,N/A,N/A,N/A,N/A,N/A,5,Ordinary
864,N/A,N/A,N/A,N/A,N/A,N/A,5,Ordinary
865,N/A,N/A,N/A,N/A,N/A,N/A,5,Ordinary
866,N/A,N/A,N/A,N/A,N/A,N/A,5,Ordinary
867,N/A,N/A,N/A,N/A,N/A,N/A,5,Ordinary
868,N/A,N/A,N/A,N/A,N/A,N/A,5,Ordinary
869,N/A,N/A,N/A,N/A,N/A,N/A,5,Ordinary
870,N/A,N/A,N/A,N/A,N/A,N/A,5,Ordinary
871,N/A,N/A,N/A,N/A,N/A,N/A,5,Ordinary
872,N/A,N/A,N/A,N/A,N/A,N/A,5,Ordinary
873,N/A,N/A,N/A,N/A,N/A,N/A,5,Ordinary
874,N/A,N/A,N/A,N/A,N/A,N/A,5,Ordinary
875,N/A,N/A,N/A,N/A,N/A,N/A,5,Ordinary
876,N/A,N/A,N/A,N/A,N/A,N/A,5,Ordinary
877,N/A,N/A,N/A,N/A,N/A,N/A,5,Ordinary
878,N/A,N/A,N/A,N/A,N/A,N/A,5,Ordinary
879,N/A,N/A,N/A,N/A,N/A,N/A,5,Ordinary
880,N/A,N/A,N/A,N/A,N/A,N/A,5,Ordinary
881,N/A,N/A,N/A,N/A,N/A,N/A,5,Ordinary
882,N/A,N/A,N/A,N/A,N/A,N/A,5,Ordinary
883,N/A,N/A,N/A,N/A,N/A,N/A,5,Ordinary
884,N/A,N/A,N/A,N/A,N/A,N/A,5,Ordinary
885,N/A,N/A,N/A,N/A,N/A,N/A,5,Ordinary
886,N/A,N/A,N/A,N/A,N/A,N/A,5,Ordinary
887,N/A,N/A,N/A,N/A,N/A,N/A,5,Ordinary
888,N/A,N/A,N/A,N/A,N/A,N/A,5,Ordinary
889,N/A,N/A,N/A,N/A,N/A,N/A,5,Ordinary
890,N/A,N/A,N/A,N/A,N/A,N/A,5,Ordinary
891,N/A,N/A,N/A,N/A,N/A,N/A,5,Ordinary
892,N/A,N/A,N/A,N/A,N/A,N/A,5,Ordinary
893,N/A,N/A,N/A,N/A,N/A,N/A,5,Ordinary
894,N/A,N/A,N/A,N/A,N/A,N/A,5,Ordinary
895,N/A,N/A,N/A,N/A,N/A,N/A,5,Ordinary
896,N/A,N/A,N/A,N/A,N/A,N/A,5,Ordinary
897,N/A,N/A,N/A,N/A,N/A,N/A,5,Ordinary
898,N/A,N/A,N/A,N/A,N/A,N/A,5,Ordinary
899,N/A,N/A,N/A,N/A,N/A,N/A,5,Ordinary
900,N/A,N/A,N/A,N/A,N/A,N/A,5,Ordinary
901,N/A,N/A,N/A,N/A,N/A,N/A,5,Ordinary
902,N/A,N/A,N/A,N/A,N/A,N/A,5,Ordinary
903,N/A,N/A,N/A,N/A,N/A,N/A,5,Ordinary
904,N/A,N/A,N/A,N/A,N/A,N/A,5,Ordinary
905,N/A,N/A,N/A,N/A,N/A,N/A,5,Ordinary
906,N/A,N/A,N/A,N/A,N/A,N/A,5,Ordinary
907,N/A,N/A,N/A,N/A,N/A,N/A,5,Ordinary
908,N/A,N/A,N/A,N/A,N/A,N/A,5,Ordinary
909,N/A,N/A,N/A,N/A,N/A,N/A,5,Ordinary
910,N/A,N/A,N/A,N/A,N/A,N/A,5,Ordinary
911,N/A,N/A,N/A,N/A,N/A,N/A,5,Ordinary
912,N/A,N/A,N/A,N/A,N/A,N/A,5,Ordinary
913,N/A,N/A,N/A,N/A,N/A,N/A,5,Ordinary
914,N/A,N/A,N/A,N/A,N/A,N/A,5,Ordinary
915,N/A,N/A,N/A,N/A,N/A,N/A,5,Ordinary
916,N/A,N/A,N/A,N/A,N/A,N/A,5,Ordinary
917,N/A,N/A,N/A,N/A,N/A,N/A,5,Ordinary
918,N/A,N/A,N/A,N/A,N/A,N/A,5,Ordinary
919,N/A,N/A,N/A,N/A,N/A,N/A,5,Ordinary
920,N/A,N/A,N/A,N/A,N/A,N/A,5,Ordinary
921,N/A,N/A,N/A,N/A,N/A,N/A,5,Ordinary
922,N/A,N/A,N/A,N/A,N/A,N/A,5,Ordinary
923,N/A,N/A,N/A,N/A,N/A,N/A,5,Ordinary
924,N/A,N/A,N/A,N/A,N/A,N/A,5,Ordinary
925,N/A,N/A,N/A,N/A,N/A,N/A,5,Ordinary
926,N/A,N/A,N/A,N/A,N/A,N/A,5,Ordinary
927,N/A,N/A,N/A,N/A,N/A,N/A,5,Ordinary
928,N/A,N/A,N/A,N/A,N/A,N/A,6,Ordinary
929,N/A,N/A,N/A,N/A,N/A,N/A,6,Ordinary
930,N/A,N/A,N/A,N/A,N/A,N/A,6,Ordinary
931,N/A,N/A,N/A,N/A,N/A,N/A,6,Ordinary
932,N/A,N/A,N/A,N/A,N/A,N/A,6,Leading
933,N/A,N/A,N/A,N/A,N/A,N/A,6,Ordinary
934,N/A,N/A,N/A,N/A,N/A,N/A,6,Ordinary
935,N/A,N/A,N/A,N/A,N/A,N/A,6,Ordinary
936,N/A,N/A,N/A,N/A,N/A,N/A,6,Ordinary
937,N/A,N/A,N/A,N/A,N/A,N/A,6,Ordinary
938,N/A,N/A,N/A,N/A,N/A,N/A,6,Ordinary
939,N/A,N/A,N/A,N/A,N/A,N/A,6,Ordinary
940,N/A,N/A,N/A,N/A,N/A,N/A,6,Ordinary
941,N/A,N/A,N/A,N/A,N/A,N/A,6,Ordinary
942,N/A,N/A,N/A,N/A,N/A,N/A,6,Ordinary
943,N/A,N/A,N/A,N/A,N/A,N/A,6,Ordinary
944,N/A,N/A,N/A,N/A,N/A,N/A,6,Ordinary
945,N/A,N/A,N/A,N/A,N/A,N/A,6,Ordinary
946,N/A,N/A,N/A,N/A,N/A,N/A,6,Leading
947,N/A,N/A,N/A,N/A,N/A,N/A,6,Ordinary
948,N/A,N/A,N/A,N/A,N/A,N/A,6,Ordinary
949,N/A,N/A,N/A,N/A,N/A,N/A,6,Ordinary
950,N/A,N/A,N/A,N/A,N/A,N/A,6,Leading
951,N/A,N/A,N/A,N/A,N/A,N/A,6,Ordinary
952,N/A,N/A,N/A,N/A,N/A,N/A,6,Ordinary
953,N/A,N/A,N/A,N/A,N/A,N/A,6,Ordinary
954,N/A,N/A,N/A,N/A,N/A,N/A,6,Ordinary
955,N/A,N/A,N/A,N/A,N/A,N/A,6,Ordinary
956,N/A,N/A,N/A,N/A,N/A,N/A,6,Leading
957,N/A,N/A,N/A,N/A,N/A,N/A,6,Ordinary
958,N/A,N/A,N/A,N/A,N/A,N/A,6,Ordinary
959,N/A,N/A,N/A,N/A,N/A,N/A,6,Leading
960,N/A,N/A,N/A,N/A,N/A,N/A,6,Leading
961,N/A,N/A,N/A,N/A,N/A,N/A,6,Ordinary
962,N/A,N/A,N/A,N/A,N/A,N/A,6,Ordinary
963,N/A,N/A,N/A,N/A,N/A,N/A,6,Ordinary
964,N/A,N/A,N/A,N/A,N/A,N/A,6,Ordinary
965,N/A,N/A,N/A,N/A,N/A,N/A,6,Ordinary
966,N/A,N/A,N/A,N/A,N/A,N/A,6,Ordinary
967,N/A,N/A,N/A,N/A,N/A,N/A,6,Ordinary
968,N/A,N/A,N/A,N/A,N/A,N/A,6,Ordinary
969,N/A,N/A,N/A,N/A,N/A,N/A,6,Ordinary
970,N/A,N/A,N/A,N/A,N/A,N/A,6,Ordinary
971,N/A,N/A,N/A,N/A,N/A,N/A,6,Ordinary
972,N/A,N/A,N/A,N/A,N/A,N/A,6,Ordinary
973,N/A,N/A,N/A,N/A,N/A,N/A,6,Ordinary
974,N/A,N/A,N/A,N/A,N/A,N/A,6,Ordinary
975,N/A,N/A,N/A,N/A,N/A,N/A,6,Ordinary
976,N/A,N/A,N/A,N/A,N/A,N/A,6,Ordinary
977,N/A,N/A,N/A,N/A,N/A,N/A,6,Ordinary
978,N/A,N/A,N/A,N/A,N/A,N/A,6,Ordinary
979,N/A,N/A,N/A,N/A,N/A,N/A,6,Ordinary
980,N/A,N/A,N/A,N/A,N/A,N/A,6,Ordinary
981,N/A,N/A,N/A,N/A,N/A,N/A,6,Ordinary
982,N/A,N/A,N/A,N/A,N/A,N/A,6,Ordinary
983,N/A,N/A,N/A,N/A,N/A,N/A,6,Ordinary
984,N/A,N/A,N/A,N/A,N/A,N/A,6,Ordinary
985,N/A,N/A,N/A,N/A,N/A,N/A,6,Ordinary
986,N/A,N/A,N/A,N/A,N/A,N/A,6,Ordinary
987,N/A,N/A,N/A,N/A,N/A,N/A,6,Ordinary
988,N/A,N/A,N/A,N/A,N/A,N/A,6,Ordinary
989,N/A,N/A,N/A,N/A,N/A,N/A,6,Ordinary
990,N/A,N/A,N/A,N/A,N/A,N/A,6,Ordinary
991,N/A,N/A,N/A,N/A,N/A,N/A,6,Ordinary
992,N/A,N/A,N/A,N/A,N/A,N/A,6,Ordinary
993,N/A,N/A,N/A,N/A,N/A,N/A,6,Ordinary
994,N/A,N/A,N/A,N/A,N/A,N/A,6,Ordinary
995,N/A,N/A,N/A,N/A,N/A,N/A,6,Ordinary
996,N/A,N/A,N/A,N/A,N/A,N/A,6,Ordinary
997,N/A,N/A,N/A,N/A,N/A,N/A,6,Ordinary
998,N/A,N/A,N/A,N/A,N/A,N/A,6,Ordinary
999,N/A,N/A,N/A,N/A,N/A,N/A,6,Ordinary
1000,N/A,N/A,N/A,N/A,N/A,N/A,6,Leading
1001,N/A,N/A,N/A,N/A,N/A,N/A,6,Ordinary
1002,N/A,N/A,N/A,N/A,N/A,N/A,6,Ordinary
1003,N/A,N/A,N/A,N/A,N/A,N/A,6,Ordinary
1004,N/A,N/A,N/A,N/A,N/A,N/A,6,Leading
1005,N/A,N/A,N/A,N/A,N/A,N/A,6,Ordinary
1006,N/A,N/A,N/A,N/A,N/A,N/A,6,Ordinary
1007,N/A,N/A,N/A,N/A,N/A,N/A,6,Ordinary
1008,N/A,N/A,N/A,N/A,N/A,N/A,7,Ordinary
1009,N/A,N/A,N/A,N/A,N/A,N/A,7,Ordinary
1010,N/A,N/A,N/A,N/A,N/A,N/A,7,Ordinary
1011,N/A,N/A,N/A,N/A,N/A,N/A,7,Ordinary
1012,N/A,N/A,N/A,N/A,N/A,N/A,7,Ordinary
1013,N/A,N/A,N/A,N/A,N/A,N/A,7,Ordinary
1014,N/A,N/A,N/A,N/A,N/A,N/A,7,Ordinary
1015,N/A,N/A,N/A,N/A,N/A,N/A,7,Ordinary
1016,N/A,N/A,N/A,N/A,N/A,N/A,7,Leading
1017,N/A,N/A,N/A,N/A,N/A,N/A,7,Ordinary
1018,N/A,N/A,N/A,N/A,N/A,N/A,7,Ordinary
1019,N/A,N/A,N/A,N/A,N/A,N/A,7,Leading
1020,N/A,N/A,N/A,N/A,N/A,N/A,7,Ordinary
1021,N/A,N/A,N/A,N/A,N/A,N/A,7,Ordinary
1022,N/A,N/A,N/A,N/A,N/A,N/A,7,Ordinary
1023,N/A,N/A,N/A,N/A,N/A,N/A,7,Ordinary
1024,N/A,N/A,N/A,N/A,N/A,N/A,7,Ordinary
1025,N/A,N/A,N/A,N/A,N/A,N/A,7,Ordinary
1026,N/A,N/A,N/A,N/A,N/A,N/A,7,Ordinary
1027,N/A,N/A,N/A,N/A,N/A,N/A,7,Ordinary
1028,N/A,N/A,N/A,N/A,N/A,N/A,7,Ordinary
1029,N/A,N/A,N/A,N/A,N/A,N/A,7,Ordinary
1030,N/A,N/A,N/A,N/A,N/A,N/A,7,Ordinary
1031,N/A,N/A,N/A,N/A,N/A,N/A,7,Ordinary
1032,N/A,N/A,N/A,N/A,N/A,N/A,7,Ordinary
1033,N/A,N/A,N/A,N/A,N/A,N/A,7,Ordinary
1034,N/A,N/A,N/A,N/A,N/A,N/A,7,Leading
1035,N/A,N/A,N/A,N/A,N/A,N/A,7,Leading
1036,N/A,N/A,N/A,N/A,N/A,N/A,7,Ordinary
1037,N/A,N/A,N/A,N/A,N/A,N/A,7,Ordinary
1038,N/A,N/A,N/A,N/A,N/A,N/A,7,Ordinary
1039,N/A,N/A,N/A,N/A,N/A,N/A,7,Ordinary
1040,N/A,N/A,N/A,N/A,N/A,N/A,7,Leading
1041,N/A,N/A,N/A,N/A,N/A,N/A,7,Leading
1042,N/A,N/A,N/A,N/A,N/A,N/A,7,Ordinary
1043,N/A,N/A,N/A,N/A,N/A,N/A,7,Ordinary
1044,N/A,N/A,N/A,N/A,N/A,N/A,7,Ordinary
1045,N/A,N/A,N/A,N/A,N/A,N/A,7,Ordinary
1046,N/A,N/A,N/A,N/A,N/A,N/A,7,Ordinary
1047,N/A,N/A,N/A,N/A,N/A,N/A,7,Ordinary
1048,N/A,N/A,N/A,N/A,N/A,N/A,7,Ordinary
1049,N/A,N/A,N/A,N/A,N/A,N/A,7,Ordinary
1050,N/A,N/A,N/A,N/A,N/A,N/A,7,Ordinary
1051,N/A,N/A,N/A,N/A,N/A,N/A,7,Ordinary
1052,N/A,N/A,N/A,N/A,N/A,N/A,7,Ordinary
1053,N/A,N/A,N/A,N/A,N/A,N/A,7,Ordinary
1054,N/A,N/A,N/A,N/A,N/A,N/A,7,Ordinary
1055,N/A,N/A,N/A,N/A,N/A,N/A,7,Ordinary
1056,N/A,N/A,N/A,N/A,N/A,N/A,7,Ordinary
1057,N/A,N/A,N/A,N/A,N/A,N/A,7,Ordinary
1058,N/A,N/A,N/A,N/A,N/A,N/A,7,Ordinary
1059,N/A,N/A,N/A,N/A,N/A,N/A,7,Ordinary
1060,N/A,N/A,N/A,N/A,N/A,N/A,7,Ordinary
1061,N/A,N/A,N/A,N/A,N/A,N/A,7,Ordinary
1062,N/A,N/A,N/A,N/A,N/A,N/A,7,Ordinary
1063,N/A,N/A,N/A,N/A,N/A,N/A,7,Ordinary
1064,N/A,N/A,N/A,N/A,N/A,N/A,7,Ordinary
1065,N/A,N/A,N/A,N/A,N/A,N/A,7,Ordinary
1066,N/A,N/A,N/A,N/A,N/A,N/A,7,Ordinary
1067,N/A,N/A,N/A,N/A,N/A,N/A,7,Ordinary
1068,N/A,N/A,N/A,N/A,N/A,N/A,7,Ordinary
1069,N/A,N/A,N/A,N/A,N/A,N/A,7,Ordinary
1070,N/A,N/A,N/A,N/A,N/A,N/A,7,Ordinary
1071,N/A,N/A,N/A,N/A,N/A,N/A,7,Ordinary
1072,N/A,N/A,N/A,N/A,N/A,N/A,7,Ordinary
1073,N/A,N/A,N/A,N/A,N/A,N/A,7,Ordinary
1074,N/A,N/A,N/A,N/A,N/A,N/A,7,Ordinary
1075,N/A,N/A,N/A,N/A,N/A,N/A,7,Ordinary
1076,N/A,N/A,N/A,N/A,N/A,N/A,7,Ordinary
1077,N/A,N/A,N/A,N/A,N/A,N/A,7,Ordinary
1078,N/A,N/A,N/A,N/A,N/A,N/A,7,Ordinary
1079,N/A,N/A,N/A,N/A,N/A,N/A,7,Leading
1080,N/A,N/A,N/A,N/A,N/A,N/A,7,Ordinary
1081,N/A,N/A,N/A,N/A,N/A,N/A,7,Leading
1082,N/A,N/A,N/A,N/A,N/A,N/A,7,Ordinary
1083,N/A,N/A,N/A,N/A,N/A,N/A,7,Ordinary
1084,N/A,N/A,N/A,N/A,N/A,N/A,7,Ordinary
1085,N/A,N/A,N/A,N/A,N/A,N/A,7,Ordinary
1086,N/A,N/A,N/A,N/A,N/A,N/A,7,Ordinary
1087,N/A,N/A,N/A,N/A,N/A,N/A,7,Ordinary
1088,N/A,N/A,N/A,N/A,N/A,N/A,7,Ordinary
1089,N/A,N/A,N/A,N/A,N/A,N/A,7,Ordinary
1090,N/A,N/A,N/A,N/A,N/A,N/A,7,Ordinary
1091,N/A,N/A,N/A,N/A,N/A,N/A,7,Ordinary
1092,N/A,N/A,N/A,N/A,N/A,N/A,7,Ordinary
1093,N/A,N/A,N/A,N/A,N/A,N/A,7,Ordinary
1094,N/A,N/A,N/A,N/A,N/A,N/A,7,Ordinary
1095,N/A,N/A,N/A,N/A,N/A,N/A,7,Ordinary
1096,N/A,N/A,N/A,N/A,N/A,N/A,7,Ordinary
1097,N/A,N/A,N/A,N/A,N/A,N/A,7,Ordinary
1098,N/A,N/A,N/A,N/A,N/A,N/A,7,Ordinary
1099,N/A,N/A,N/A,N/A,N/A,N/A,7,Ordinary
1100,N/A,N/A,N/A,N/A,N/A,N/A,7,Ordinary
1101,N/A,N/A,N/A,N/A,N/A,N/A,7,Ordinary
1102,N/A,N/A,N/A,N/A,N/A,N/A,7,Ordinary
1103,N/A,N/A,N/A,N/A,N/A,N/A,7,Ordinary
1104,N/A,N/A,N/A,N/A,N/A,N/A,7,Ordinary
1105,N/A,N/A,N/A,N/A,N/A,N/A,7,Ordinary
1106,N/A,N/A,N/A,N/A,N/A,N/A,7,Ordinary
1107,N/A,N/A,N/A,N/A,N/A,N/A,7,Ordinary
1108,N/A,N/A,N/A,N/A,N/A,N/A,7,Ordinary
1109,N/A,N/A,N/A,N/A,N/A,N/A,7,Ordinary
1110,N/A,N/A,N/A,N/A,N/A,N/A,7,Ordinary
1111,N/A,N/A,N/A,N/A,N/A,N/A,7,Ordinary
1112,N/A,N/A,N/A,N/A,N/A,N/A,7,Ordinary
1113,N/A,N/A,N/A,N/A,N/A,N/A,7,Ordinary
1114,N/A,N/A,N/A,N/A,N/A,N/A,7,Ordinary
1115,N/A,N/A,N/A,N/A,N/A,N/A,7,Ordinary
1116,N/A,N/A,N/A,N/A,N/A,N/A,7,Ordinary
1117,N/A,N/A,N/A,N/A,N/A,N/A,7,Ordinary
1118,N/A,N/A,N/A,N/A,N/A,N/A,7,Ordinary
1119,N/A,N/A,N/A,N/A,N/A,N/A,7,Ordinary
1120,N/A,N/A,N/A,N/A,N/A,N/A,7,Ordinary
1121,N/A,N/A,N/A,N/A,N/A,N/A,7,Ordinary
1122,N/A,N/A,N/A,N/A,N/A,N/A,7,Ordinary
1123,N/A,N/A,N/A,N/A,N/A,N/A,7,Ordinary
1124,N/A,N/A,N/A,N/A,N/A,N/A,7,Ordinary
1125,N/A,N/A,N/A,N/A,N/A,N/A,7,Ordinary
1126,N/A,N/A,N/A,N/A,N/A,N/A,7,Ordinary
1127,N/A,N/A,N/A,N/A,N/A,N/A,7,Ordinary
1128,N/A,N/A,N/A,N/A,N/A,N/A,7,Ordinary
1129,N/A,N/A,N/A,N/A,N/A,N/A,7,Ordinary
1130,N/A,N/A,N/A,N/A,N/A,N/A,7,Ordinary
1131,N/A,N/A,N/A,N/A,N/A,N/A,7,Ordinary
1132,N/A,N/A,N/A,N/A,N/A,N/A,7,Ordinary
1133,N/A,N/A,N/A,N/A,N/A,N/A,7,Ordinary
1134,N/A,N/A,N/A,N/A,N/A,N/A,7,Ordinary
1135,N/A,N/A,N/A,N/A,N/A,N/A,7,Ordinary
1136,N/A,N/A,N/A,N/A,N/A,N/A,7,Ordinary
1137,N/A,N/A,N/A,N/A,N/A,N/A,7,Ordinary
1138,N/A,N/A,N/A,N/A,N/A,N/A,7,Ordinary
1139,N/A,N/A,N/A,N/A,N/A,N/A,7,Ordinary
1140,N/A,N/A,N/A,N/A,N/A,N/A,7,Ordinary
1141,N/A,N/A,N/A,N/A,N/A,N/A,7,Ordinary
1142,N/A,N/A,N/A,N/A,N/A,N/A,7,Ordinary
1143,N/A,N/A,N/A,N/A,N/A,N/A,7,Ordinary
1144,N/A,N/A,N/A,N/A,N/A,N/A,7,Ordinary
1145,N/A,N/A,N/A,N/A,N/A,N/A,7,Ordinary
1146,N/A,N/A,N/A,N/A,N/A,N/A,7,Ordinary
1147,N/A,N/A,N/A,N/A,N/A,N/A,7,Ordinary
1148,N/A,N/A,N/A,N/A,N/A,N/A,7,Ordinary
1149,N/A,N/A,N/A,N/A,N/A,N/A,7,Ordinary
1150,N/A,N/A,N/A,N/A,N/A,N/A,7,Ordinary
1151,N/A,N/A,N/A,N/A,N/A,N/A,7,Ordinary
1152,N/A,N/A,N/A,N/A,N/A,N/A,7,Ordinary
1153,N/A,N/A,N/A,N/A,N/A,N/A,7,Ordinary
1154,N/A,N/A,N/A,N/A,N/A,N/A,7,Ordinary
1155,N/A,N/A,N/A,N/A,N/A,N/A,7,Ordinary
1156,N/A,N/A,N/A,N/A,N/A,N/A,7,Ordinary
1157,N/A,N/A,N/A,N/A,N/A,N/A,7,Ordinary
1158,N/A,N/A,N/A,N/A,N/A,N/A,7,Ordinary
1159,N/A,N/A,N/A,N/A,N/A,N/A,7,Ordinary